Localidad;Departamento;Provincia;Latitud;Longitud;Estado
1° de Mayo;Cainguás;Misiones;-27,16608489;-55,02916527;Conectado
2 de Mayo _Nucleo 1;Cainguás;Misiones;-27,02053933;-54,6877327;Conectado
2 de Mayo _Nucleo 2;Cainguás;Misiones;-27,02911957;-54,6647616;Conectado
2 de Mayo _Nucleo 3;Cainguás;Misiones;-27,00657685;-54,61235362;Conectado
20 de Septiembre;Nogoyá;Entre Rios;-32,387126;-59,662446;Conectado
25 de Mayo;Puelén;La Pampa;-37,76970537;-67,71729582;Conectado
25 de Mayo..;25 de Mayo;Buenos Aires;-35,43393859;-60,17312095;Conectado
25 de Mayo..;San Rafael;Mendoza;-34,58591389;-68,54956822;Conectado
9 de Julio;9 de Julio;San Juan;-31,66975092;-68,39004164;Conectado
9 de Julio..;9 de Julio;Buenos Aires;-35,44474351;-60,88434334;Conectado
Aaron Castellanos;General López;Santa Fe;-34,33453234;-62,37480077;Conectado
Abasto Silica;La Plata;Buenos Aires;-35,0103682;-58,11518486;Conectado
Abra Grande;Banda;Santiago del Estero;-27,29313302;-64,37906452;Conectado
Abra Pampa;Cochinoca;Jujuy;-22,72156976;-65,69321375;Conectado
Acevedo;Pergamino;Buenos Aires;-33,75566535;-60,44083739;Conectado
Acheral;Monteros;Tucuman;-27,1207205;-65,47056472;Conectado
Adelia Maria;Río Cuarto;Cordoba;-33,63162;-64,020837;Conectado
Aerolito;Moreno;Santiago del Estero;-27,23644254;-62,3796577;Conectado
Aguada Cecilio;Valcheta;Rio Negro;-40,84787378;-65,83932746;Conectado
Aguada de Guerra;25 de Mayo;Rio Negro;-41,06390171;-68,38438104;Conectado
Aguaray;Gral.J. de San Martín;Salta;-22,23881431;-63,72838892;Conectado
Aguas Blancas;Orán;Salta;-22,72456119;-64,34631922;Conectado
Aguilares;Rio Chico;Tucuman;-27,42985112;-65,62040667;Conectado
Agustin Roca;Junin;Buenos Aires;-34,50808441;-60,86489565;Conectado
Agustina;Junin;Buenos Aires;-34,46070686;-61,06707233;Conectado
Aimogasta;Arauco;La Rioja;-28,55898984;-66,8272851;Conectado
Alberdi Viejo;Leandro N. Alem;Buenos Aires;-34,44180033;-61,84487878;Conectado
Alcaraz _Pueblo Arrua;La Paz;Entre Rios;-31,45658897;-59,59913887;Conectado
Alcira Gigena;Río Cuarto;Cordoba;-32,757065;-64,33786;Conectado
Aldea Asuncion;Gualeguay;Entre Rios;-32,82517153;-59,23123792;Conectado
Aldea Brasilera;Diamante;Entre Rios;-31,89228645;-60,59179775;Conectado
Aldea Maria Luisa;Paraná;Entre Rios;-31,88472923;-60,40874569;Conectado
Aldea Protestante;Diamante;Entre Rios;-32,03083289;-60,56433591;Conectado
Aldea Salto;Diamante;Entre Rios;-31,92603586;-60,54838527;Conectado
Aldea San Antonio;Gualeguaychú;Entre Rios;-32,62532817;-58,70319686;Conectado
Aldea San Francisco;Diamante;Entre Rios;-31,96256812;-60,63571348;Conectado
Aldea San Isidro;Federal;Entre Rios;-30,983333;-59;Conectado
Aldea San Juan;Gualeguaychú;Entre Rios;-32,7037885;-58,7790625;Conectado
Aldea San Rafael;Paraná;Entre Rios;-31,95982995;-60,25587555;Conectado
Aldea Santa Maria;Paraná;Entre Rios;-31,61287019;-60,00707218;Conectado
Aldea Santa Rosa;Paraná;Entre Rios;-32,01645446;-60,24110735;Conectado
Aldea Spatzenkutter;Diamante;Entre Rios;-31,94852927;-60,58039664;Conectado
Aldea Valle Maria;Diamante;Entre Rios;-31,99224401;-60,58785023;Conectado
Alfredo Demarchi _Est F Quiroga;9 de Julio;Buenos Aires;-35,29298195;-61,40725421;Conectado
Algarrobo del Aguila;Chical Co;La Pampa;-36,40114672;-67,14840159;Conectado
Alhuampa;Moreno;Santiago del Estero;-27,13242387;-62,54916812;Conectado
Almafuerte.;Tercero Arriba;Cordoba;-32,1934605;-64,25438719;Conectado
Alpasinche;San Blas de Los Sauces;La Rioja;-28,35364224;-67,08043337;Conectado
Altamirano Sur;Tala;Entre Rios;-32,08883428;-59,17407055;Conectado
Alto Rio Senguer;Río Senguer;Chubut;-45,047642;-70,822755;Conectado
Alto Verde;Chicligasta;Tucuman;-27,37939925;-65,60792587;Conectado
Alvear;Rosario;Santa Fe;;;Conectado
Amadores;Paclín;Catamarca;-28,262558;-65,637103;Conectado
Amaicha del Valle;Tafí del Valle;Tucuman;-26,59363766;-65,92798857;Conectado
Amenabar;General López;Santa Fe;-34,13611844;-62,42290849;Conectado
America;Rivadavia;Buenos Aires;-35,49034124;-62,97637598;Conectado
Angastaco;San Carlos;Salta;-25,691072;-66,167219;Conectado
Angulos;Famatina;La Rioja;-28,65583611;-67,64913889;Conectado
Animana;San Carlos;Salta;-25,92507;-65,963489;Conectado
Antaje;Banda;Santiago del Estero;-27,65410576;-64,22410786;Conectado
Antelo;Victoria;Entre Rios;-32,53381026;-60,03569661;Conectado
Añatuya;General Taboada;Santiago del Estero;-28,460468;-62,75960933;Conectado
Aranguren;Nogoyá;Entre Rios;-32,24431301;-60,16279882;Conectado
Arbilla;Rosario;Santa Fe;-33,09195166;-60,69931593;Conectado
Arcadia;Chicligasta;Tucuman;-27,30694848;-65,57606749;Conectado
Ardiles;Banda;Santiago del Estero;-27,41228611;-64,50015;Conectado
Argerich;Villarino;Buenos Aires;-38,76865608;-62,60252768;Conectado
Ariel;Azul;Buenos Aires;-36,53125442;-59,92006518;Conectado
Aristobulo del Valle;Cainguás;Misiones;-27,0952902;-54,89490546;Conectado
Armstrong;Belgrano;Santa Fe;-32,7846557;-61,60548188;Conectado
Arocena;San Jerónimo;Santa Fe;-32,08002719;-60,97700496;Conectado
Arraga;;Santiago del Estero;-28,051667;-64,223889;Conectado
Arrayanal;San Pedro;Jujuy;-24,17556126;-64,8402659;Conectado
Arrecifes ;Arrecifes;Buenos Aires;-34,06459112;-60,10255644;Conectado
Arribeños;General Arenales;Buenos Aires;-34,21015426;-61,3548578;Conectado
Arroyito;San Justo;Cordoba;-31,419391;-63,050344;Conectado
Arroyito.;Confluencia;Neuquen;-39,0743998;-68,57033506;Conectado
Arroyo Corto;Saavedra;Buenos Aires;-37,51291797;-62,31168377;Conectado
Arroyo de La Cruz;Exhaltación de la Cruz;Buenos Aires;-34,33637869;-59,10941497;Conectado
Arroyo Dulce;Salto;Buenos Aires;-34,10243328;-60,40615518;Conectado
Arroyo Seco;Rosario;Santa Fe;-33,15602258;-60,51013081;Conectado
Arrufo;San Cristóbal;Santa Fe;-30,23414953;-61,7285807;Conectado
Ataliva;Castellanos;Santa Fe;-30,99811878;-61,43251869;Conectado
Ataliva Roca;Utracan;La Pampa;-37,03233157;-64,28657244;Conectado
Avellaneda..;Ischilín;Cordoba;-30,594676;-64,207839;Conectado
Averias;General Taboada;Santiago del Estero;-28,74122051;-62,38219806;Conectado
Avia Terai;Independencia;Chaco;-26,690427;-60,730949;Conectado
Ayacucho;Ayacucho;Buenos Aires;-37,15366957;-58,48954767;Conectado
Azcuenaga;San Andrés de Giles;Buenos Aires;-34,36379109;-59,37459911;Conectado
Azucena;San Andrés de Giles;Buenos Aires;-37,486209;-59,291133;Conectado
Azul;Azul;Buenos Aires;-36,7795145;-59,85863317;Conectado
Bahia Blanca;Bahía Blanca;Buenos Aires;-38,71140373;-62,25690895;Conectado
Baigorrita;General Viamonte;Buenos Aires;-34,74726868;-60,98895266;Conectado
Bajada del Agrio;Picunches;Neuquen;-38,40797986;-70,0276786;Conectado
Bajo Caracoles II;Río Chico;Santa Cruz;-47,446149;-70,92851556;Conectado
Bajo Carrizal;Famatina;La Rioja;-28,89110077;-67,56674616;Conectado
Balcarce;Balcarce;Buenos Aires;-37,84827793;-58,25516658;Conectado
Ballesteros;Unión;Cordoba;-32,54538159;-62,98330052;Conectado
Bananal;Ledesma;Jujuy;-23,56577112;-64,50137243;Conectado
Bandera;Belgrano;Santiago del Estero;-28,87351295;-62,16982624;Conectado
Bandera Bajada;Figueroa;Santiago del Estero;-27,28467571;-63,46424313;Conectado
Banderalo;General Villegas;Buenos Aires;-35,01246666;-63,37415635;Conectado
Baradero;Baradero;Buenos Aires;-33,81287815;-59,50430689;Conectado
Barcena;Tumbaya;Jujuy;-23,96947419;-65,44647765;Conectado
Barda del Medio;General Roca;Rio Negro;-38,72466334;-68,15805609;Conectado
Bardas Blancas;Malargüe;Mendoza;-35,868674;-69,805104;Conectado
Barrancas;San Jerónimo;Santa Fe;-32,23663578;-60,98274013;Conectado
Barrancas (ex Las Juntas);Belén;Catamarca;;;Conectado
Barrancas.;Pehuenches;Neuquen;-36,8247373;-69,91647829;Conectado
Barrio Alto del Olvido;Lavalle;Mendoza;-32,67277942;-68,59224738;Conectado
Barrio Casa Rosada;Famaillá;Tucuman;-27,04305939;-65,42914356;Conectado
Barrio Colinas Verdes;General Pueyrredón;Buenos Aires;-37,89310248;-57,82616456;Conectado
Barrio Colonia Conesa;Conesa;Rio Negro;-40,14057151;-64,32974279;Conectado
Barrio El Coyunco;General Pueyrredón;Buenos Aires;-37,90508101;-57,73918241;Conectado
Barrio El Pilar;Bariloche;Rio Negro;-41,1814203;-71,34934377;Conectado
Barrio El Portal cambia por Ing. Fronteritas;Famaillá;Tucuman;;;Conectado
Barrio El Taladro;Cañuelas;Buenos Aires;-35,07424862;-58,86324206;Conectado
Barrio Jocoli II;Lavalle;Mendoza;-32,646549;-68,660799;Conectado
Barrio Justo P. Castro Iv;Caucete;San Juan;-31,62830256;-68,30082728;Conectado
Barrio La Gloria;General Pueyrredón;Buenos Aires;-37,90682683;-57,78588606;Conectado
Barrio La Palmera;Lavalle;Mendoza;-32,69693283;-68,55062132;Conectado
Barrio La Pega;Lavalle;Mendoza;-32,812859;-68,68353732;Conectado
Barrio La Union;El Carmen;Jujuy;-24,40354207;-65,06859011;Conectado
Barrio Lomas Altas;Chascomús;Buenos Aires;-35,57398892;-58,06804365;Conectado
Barrio Martinez Saravia;Gral.J. de San Martín;Salta;-22,5759111;-63,8063166;Conectado
Barrio Mitre;;Santa Fe;-33,25559464;-60,38977587;Conectado
Barrio Sadop;San Martín;San Juan;-31,53671827;-68,39556768;Conectado
Barrio Santa Paula;General Pueyrredón;Buenos Aires;-37,93171578;-57,68316203;Conectado
Barrio Virgen del Rosario;Lavalle;Mendoza;-32,70275972;-68,31249219;Conectado
Barrios;Yavi;Jujuy;-22,24627796;-65,52787171;Conectado
Bartolome de las Casas;Patiño;Formosa;-25,40593056;-59,57046111;Conectado
Basavilbaso;Uruguay;Entre Rios;-32,37257294;-58,87856094;Conectado
Belen;Belén;Catamarca;-27,633758;-67,018122;Conectado
Bell Ville;Unión;Cordoba;-32,62856;-62,689115;Conectado
Bella Italia;Castellanos;Santa Fe;-31,28397951;-61,40934252;Conectado
Bella Vista;Bella Vista;Corrientes;-28,50767725;-59,04433284;Conectado
Bellocq;Carlos Casares;Buenos Aires;-35,91897056;-61,53126302;Conectado
Beltran;Robles;Santiago del Estero;-27,85294144;-63,99761098;Conectado
Benavidez;Tigre;Buenos Aires;-34,41043474;-58,68879197;Conectado
Benito Juarez;Benito Juarez;Buenos Aires;-37,67664102;-59,80576771;Conectado
Berdier;Salto;Buenos Aires;-34,39877266;-60,26057254;Conectado
Bermudez;Lincoln;Buenos Aires;-34,69660471;-61,32501288;Conectado
Bernardo de Irigoyen;Gral. Manuel Belgrano;Misiones;-26,2546761;-53,64721334;Conectado
Berrotaran;Río Cuarto;Cordoba;-32,45286692;-64,38544047;Conectado
Berutti;Trenque Lauquen;Buenos Aires;-35,85803114;-62,5126329;Conectado
Betbeder;Nogoyá;Entre Rios;-32,37410087;-59,9380818;Conectado
Bocayuva;Pellegrini;Buenos Aires;-36,20657301;-63,07615547;Conectado
Bonpland;Paso de Los Libres;Corrientes;-29,82037352;-57,42964794;Conectado
Bouwer;Santa María;Cordoba;-31,557667;-64,194466;Conectado
Bovril;La Paz;Entre Rios;-31,34289144;-59,44673097;Conectado
Bowen;General Alvear;Mendoza;-35,00091243;-67,51618183;Conectado
Bragado;Bragado;Buenos Aires;-35,1189423;-60,48791476;Conectado
Bulnes;Río Cuarto;Cordoba;-33,50328182;-64,67557352;Conectado
Bustinza;Iriondo;Santa Fe;-32,73999618;-61,29158697;Conectado
Buta Ranquil;Pehuenches;Neuquen;-37,05078761;-69,87385109;Conectado
Caa - Yari;Leandro N. Alem;Misiones;-27,48078444;-55,29923481;Conectado
Cachi;Cachi;Salta;-25,12016401;-66,16794944;Conectado
Cafayate;Cafayate;Salta;-26,07653844;-65,98628973;Conectado
Caimancito;Ledesma;Jujuy;-23,73952693;-64,59410061;Conectado
Caleta Olivia;Deseado;Santa Cruz;-46,44594923;-67,5251565;Conectado
Calilegua;Ledesma;Jujuy;-23,76947214;-64,76655622;Conectado
Campamento Vespucio;Gral.J. de San Martín;Salta;-22,58004717;-63,85232318;Conectado
Campamento Vialidad Nacional;Caleu Caleu;La Pampa;-38,388438;-64,073266;Conectado
Campana;Campana;Buenos Aires;-34,16396181;-58,9588741;Conectado
Campanas;Famatina;La Rioja;-28,55602083;-67,62644065;Conectado
Campichuelo;Gral.J. de San Martín;Salta;-23,1062412;-63,99531392;Conectado
Campo de Herrera;Famaillá;Tucuman;-27,02560267;-65,34647185;Conectado
Campo Gallo;Alberdi;Santiago del Estero;-26,58141906;-62,82620032;Conectado
Campo Grande;Cainguás;Misiones;-27,20626813;-54,9790955;Conectado
Campo Ramon;Oberá;Misiones;-27,45227009;-55,02373524;Conectado
Campo Viera;Oberá;Misiones;-27,33105588;-55,05285482;Conectado
Canal 5 Puerto Iguazu;Puerto Iguazu;Misiones;-25,609138;-54,573938;Conectado
Cangrejillos;Yavi;Jujuy;-22,42296131;-65,58012475;Conectado
Cañada de Gomez;Iriondo;Santa Fe;-32,81668673;-61,38996615;Conectado
Cañada Escobar;Banda;Santiago del Estero;-27,708472;-64,027861;Conectado
Cañada Ombu;Vera;Santa Fe;-28,31083042;-59,98371665;Conectado
Cañada Seca;General Villegas;Buenos Aires;-34,41550546;-62,96185538;Conectado
Cañada Xii;Formosa;Formosa;-25,88162778;-58,08538611;Conectado
Cañadon Seco;Deseado;Santa Cruz;-46,566667;-67,616667;Conectado
Cañuelas;Cañuelas;Buenos Aires;-35,05271404;-58,7583857;Conectado
Capiazuti;Gral.J. de San Martín;Salta;-22,16733887;-63,70862099;Conectado
Capilla de Los Remedios;Río Primero;Cordoba;-31,43020658;-63,83214969;Conectado
Capilla del Señor;Exaltacion de La Cruz;Buenos Aires;-34,29121087;-59,10152327;Conectado
Capitan Bermudez;San Lorenzo;Santa Fe;-32,82823494;-60,71682076;Conectado
Capitan Juan Page;Rivadavia;Salta;-23,70848767;-62,38179494;Conectado
Capitan Sarmiento;Capitán Sarmiento;Buenos Aires;-34,17236743;-59,78934914;Conectado
Carboncito;Gral.J. de San Martín;Salta;-23,25950162;-63,80266853;Conectado
Carcaraña;San Lorenzo;Santa Fe;-32,85882818;-61,15235022;Conectado
Cardenal Cagliero;Patagones;Buenos Aires;-40,65220001;-62,75759721;Conectado
Carhue;Adolfo Alsina;Buenos Aires;-37,1774801;-62,75789626;Conectado
Carlos Keen;Luján;Buenos Aires;-34,48628198;-59,21808613;Conectado
Carlos Maria Naon;9 de Julio;Buenos Aires;-35,238625;-60,824528;Conectado
Carlos Tejedor;Carlos Tejedor;Buenos Aires;-35,39257333;-62,41930231;Conectado
Carmen de Areco;Carmen de Areco;Buenos Aires;-34,37769873;-59,82290198;Conectado
Carmen de Patagones;Patagones;Buenos Aires;-40,79729832;-62,98475427;Conectado
Carmensa;General Alvear;Mendoza;-35,14490579;-67,66295504;Conectado
Carnerillo;Juárez Celman;Cordoba;-32,915314;-64,025658;Conectado
Caseros;Uruguay;Entre Rios;-32,46427726;-58,47807187;Conectado
Caseros Centro;Santa María;Cordoba;-31,52925615;-64,16886661;Conectado
Casira;Santa Catalina;Jujuy;-21,978568;-65,896554;Conectado
Caspichango;Santa María;Catamarca;-26,685929;-65,970795;Conectado
Castilla;Chacabuco;Buenos Aires;-34,6131247;-59,90051946;Conectado
Catriel;General Roca;Rio Negro;-37,88152886;-67,79455697;Conectado
Catrilo;Catriló;La Pampa;-36,40774073;-63,42312365;Conectado
Caucete;Caucete;San Juan;-31,65147879;-68,28214044;Conectado
Cazon;Saladillo;Buenos Aires;-35,5768032;-59,66450376;Conectado
Ceibalito;Anta;Salta;-25,11166944;-64,27562778;Conectado
Centenario;Confluencia;Neuquen;-38,82757771;-68,15321916;Conectado
Ceres;San Cristóbal;Santa Fe;-29,88233713;-61,94523743;Conectado
Cerrito;Paraná;Entre Rios;-31,58217112;-60,07402231;Conectado
Cerro Azul;Leandro N. Alem;Misiones;-27,63103475;-55,49386817;Conectado
Cerro Negro;Tinogasta;Catamarca;-28,243241;-67,144273;Conectado
Chacabuco;Chacabuco;Buenos Aires;-34,6429844;-60,47018435;Conectado
Chajan;Río Cuarto;Cordoba;-33,55633613;-65,00526992;Conectado
Chajari;Federación;Entre Rios;-30,75407591;-57,98416259;Conectado
Chalican;Ledesma;Jujuy;-24,07086579;-64,80373283;Conectado
Chamical;Chamical;La Rioja;-30,37729516;-66,32403688;Conectado
Chañar Punco;Santa María;Catamarca;-26,75883429;-66,04930672;Conectado
Chañarmuyo;Famatina;La Rioja;-28,61234491;-67,58747234;Conectado
Charadai;Tapenagá;Chaco;-27,65533;-59,862446;Conectado
Chascomus;Chascomús;Buenos Aires;-35,57430091;-58,00055326;Conectado
Chasico;Tornquist;Buenos Aires;-38,33522584;-62,64240999;Conectado
Chaupi Pozo;Banda;Santiago del Estero;-27,52890288;-64,39635866;Conectado
Chepes;Rosario Vera Peñaloza;La Rioja;-31,35061863;-66,60464179;Conectado
Chilecito;San Carlos;Mendoza;-33,8934021;-69,08046336;Conectado
Chilecito.;Chilecito;La Rioja;-29,16349786;-67,5074285;Conectado
Chivilcoy;Chivilcoy;Buenos Aires;-34,89801638;-60,0188841;Conectado
Chorriaca;Loncopué;Neuquen;-37,92962405;-70,05621582;Conectado
Chos Malal;Chos Malal;Neuquen;-37,37925666;-70,27237722;Conectado
Chucul;Río Cuarto;Cordoba;-33,00895468;-64,17124934;Conectado
Chucul Silica;Río Cuarto;Cordoba;-33,008955;-64,171249;Conectado
Chuña;Ischilín;Cordoba;-30,466667;-64,683333;Conectado
Ciénaga de Paicone;Santa Catalina;Jujuy;-22,178652;-66,411945;Conectado
Cieneguillas;Santa Catalina;Jujuy;-22,100706;-65,867202;Conectado
Clemente Onelli;25 de Mayo;Rio Negro;-41,244835;-70,03420294;Conectado
Clodomira;Banda;Santiago del Estero;-27,59393893;-64,08264916;Conectado
Clorinda;Pilcomayo;Formosa;-25,29216127;-57,71780911;Conectado
Colalao del Valle;Tafí del Valle;Tucuman;-26,36053551;-65,9589195;Conectado
Colmena;Vera;Santa Fe;-28,76581904;-60,08804214;Conectado
Colon;Colón;Buenos Aires;-33,89786336;-61,09956051;Conectado
Colonia Aborigen;25 de Mayo;Chaco;-26,958344;-60,190237;Conectado
Colonia Benitez;1º de Mayo;Chaco;-27,330588;-58,94501;Conectado
Colonia Bossi;San Cristóbal;Santa Fe;-30,66912452;-61,78960303;Conectado
Colonia El Simbolar;Robles;Santiago del Estero;-27,71413333;-63,86821667;Conectado
Colonia Ensayo;Diamante;Entre Rios;-31,86725726;-60,57529019;Conectado
Colonia Julia y Echarren;Pichi Mahuida;Rio Negro;-39,03612293;-64,01393906;Conectado
Colonia Las Heras;Deseado;Santa Cruz;-46,533333;-68,933333;Conectado
Colonia Mayo-Barrio Milagrosa;Cruz Alta;Tucuman;-26,83395612;-64,98937994;Conectado
Colonia Peña;Federación;Entre Rios;-30,7974916;-58,17563847;Conectado
Colonia Popular;Libertad;Chaco;-27,275931;-59,152378;Conectado
Colonia Raquel;Castellanos;Santa Fe;-30,83922356;-61,48971116;Conectado
Colonia San Jose;Tilcara;Jujuy;-23,39398889;-65,34583889;Conectado
Colonia San Martin;Saavedra;Buenos Aires;-37,97691521;-62,33260956;Conectado
Colonia Santa Maria.;Federación;Entre Rios;-30,59933752;-58,18580117;Conectado
Colonia Santa Maria..;Utracan;La Pampa;-37,49524358;-64,22488055;Conectado
Colonia Santa Rosa;Orán;Salta;-23,38859572;-64,42343332;Conectado
Colonia Wanda;Iguazú;Misiones;-25,966667;-54,566667;Conectado
Comallo;Pilcaniyeu;Rio Negro;-41,02987468;-70,26998065;Conectado
Comandante Andresito;Gral. Manuel Belgrano;Misiones;-25,66743614;-54,04564347;Conectado
Concepcion;Chicligasta;Tucuman;-27,34217859;-65,5985576;Conectado
Concepcion del Bermejo;Almirante Brown;Chaco;-26,602274;-60,949264;Conectado
Concepcion del Uruguay;Uruguay;Entre Rios;-32,48536017;-58,23205174;Conectado
Concordia;Concordia;Entre Rios;-31,36870441;-58,04502884;Conectado
Condor Huasi;Belén;Catamarca;-27,480025;-67,103437;Conectado
Conesa;San Nicolas;Buenos Aires;-33,59621248;-60,35412645;Conectado
Conscripto Bernardi;Federal;Entre Rios;-31,04777789;-59,08673914;Conectado
Coranzuli;Susques;Jujuy;-23,01329495;-66,37928842;Conectado
Cordoba;Capital;Cordoba;-31,41381662;-64,18333843;Conectado
Coronda;San Jerónimo;Santa Fe;-31,97564671;-60,92013412;Conectado
Coronel Baigorria;Río Cuarto;Cordoba;-32,84954789;-64,35985914;Conectado
Coronel Cornejo;Gral.J. de San Martín;Salta;-22,73660616;-63,82123404;Conectado
Coronel Juan Sola;Rivadavia;Salta;-23,48364321;-62,89131087;Conectado
Coronel Moldes;Río Cuarto;Cordoba;-33,62308687;-64,59710335;Conectado
Coronel Rodolfo S. Dominguez;Rosario;Santa Fe;-33,18547601;-60,72286333;Conectado
Coronel Suarez;Coronel Suarez;Buenos Aires;-37,45962249;-61,93175301;Conectado
Corralito;Tercero Arriba;Cordoba;-32,02525724;-64,19315889;Conectado
Correa;Iriondo;Santa Fe;-32,84946108;-61,25455691;Conectado
Corrientes;Capital;Corrientes;-27,46328216;-58,83923335;Conectado
Costa de Araujo;Lavalle;Mendoza;-32,75689436;-68,40859519;Conectado
Cote Lai;Tapenagá;Chaco;-27,530312;-59,576517;Conectado
Country Club El Casco;Zárate;Buenos Aires;-34,12758851;-59,0834596;Conectado
Coyaguayma;Rinconada;Jujuy;-22,77044356;-66,44042699;Conectado
Crespo;Paraná;Entre Rios;-32,03464918;-60,31075143;Conectado
Crotto;Tapalque;Buenos Aires;-36,57741039;-60,17111854;Conectado
Cruce Caballero;San Pedro;Misiones;-26,53794703;-53,9437325;Conectado
Cruz de Los Milagros;Lavalle;Corrientes;-28,83573507;-59,00685783;Conectado
Cruz del Eje;Cruz del Eje;Cordoba;-30,72185922;-64,80773773;Conectado
Cuatro Esquinas;Rosario;Santa Fe;-33,24662289;-60,76497402;Conectado
Cucullu;San Andrés de Giles;Buenos Aires;-34,444998;-59,360875;Conectado
Curamalal;Coronel Suarez;Buenos Aires;-37,482406;-62,104844;Conectado
Curaru;Carlos Tejedor;Buenos Aires;-35,6403503;-62,19243723;Conectado
Curupayti;San Cristóbal;Santa Fe;-30,39791189;-61,65180442;Conectado
Cusi Cusi;Santa Catalina;Jujuy;-22,34021474;-66,49402055;Conectado
Daireaux;Daireaux;Buenos Aires;-36,60017492;-61,74501327;Conectado
Dalmacio Velez;Tercero Arriba;Cordoba;-32,610873;-63,579884;Conectado
Datacenter Telecom;Pacheco;Buenos Aires;;;Conectado
De Bary;Pellegrini;Buenos Aires;-36,34168067;-63,26115332;Conectado
Dean Funes;Ischilín;Cordoba;-30,42294094;-64,35166977;Conectado
Del Carril;Saladillo;Buenos Aires;-35,51271723;-59,5158202;Conectado
Del Viso;Pilar;Buenos Aires;-34,453487;-58,796297;Conectado
Delfin Gallo;Cruz Alta;Tucuman;-26,85;-65,1;Conectado
Derqui;Pilar;Buenos Aires;-34,4972;-58,8636;Conectado
Despeñaderos;Santa María;Cordoba;-31,81705159;-64,28898941;Conectado
Desvio Arijon;San Jerónimo;Santa Fe;-31,87273937;-60,88969935;Conectado
Devoto;San Justo;Cordoba;-31,40398092;-62,30613939;Conectado
Diamante;Diamante;Entre Rios;-32,06715494;-60,63773652;Conectado
Diego de Alvear;General Lopez;Santa Fe;-34,37434292;-62,12892736;Conectado
Diego Gaynor;Exaltacion de La Cruz;Buenos Aires;-34,28897398;-59,22278122;Conectado
Dina Huapi;Pilcaniyeu;Rio Negro;-41,06919342;-71,16219333;Conectado
Don Cristobal;Nogoyá;Entre Rios;-32,0752594;-59,99432302;Conectado
Don Emilio;San Pedro;Jujuy;-24,31546927;-64,90666634;Conectado
Donadeu;Alberdi;Santiago del Estero;-26,71841826;-62,6879638;Conectado
Dragones;Gral.J. de San Martín;Salta;-23,25818675;-63,33905552;Conectado
Duggan;San Antonio de Areco;Buenos Aires;-34,2071973;-59,63570553;Conectado
Durazno;Tala;Entre Rios;-31,98658542;-59,28046231;Conectado
Egusquiza;Castellanos;Santa Fe;-31,09762475;-61,62831241;Conectado
El Acheral;San Pedro;Jujuy;-24,40971167;-64,8107313;Conectado
El Arbolito;Colón;Buenos Aires;-33,9147838;-60,94380818;Conectado
El Bolson;Bariloche;Rio Negro;-41,98048597;-71,53361721;Conectado
El Cabure;Copo;Santiago del Estero;-26,00306983;-62,3233886;Conectado
El Calafate;Lago Argentino;Santa Cruz;-50,33732085;-72,26199507;Conectado
El Chacho;Minas;Cordoba;-30,80179741;-65,64405214;Conectado
El Charco;Jiménez;Santiago del Estero;-27,224761;-64,698149;Conectado
El Chocon;Confluencia;Neuquen;-39,25897864;-68,82687237;Conectado
El Cimarron;Federal;Entre Rios;-30,98686298;-58,97775691;Conectado
El Dean;Capital;Santiago del Estero;-27,715;-64,33;Conectado
El Desmonte;Santa María;Catamarca;-26,907717;-66,020423;Conectado
El Dorado;Leandro N. Alem;Buenos Aires;-37,8687706;-57,93593216;Conectado
El Foyel;Bariloche;Rio Negro;-41,65711992;-71,45927763;Conectado
El Fuertecito;San Justo;Cordoba;-31,40393493;-62,97336577;Conectado
El Galpon;Metán;Salta;-25,39158645;-64,65950629;Conectado
El Hoyo;Cushamen;Chubut;-42,067967;-71,520671;Conectado
El Juncal;Adolfo Alsina;Rio Negro;-40,80404643;-63,11925847;Conectado
El Medano;Jáchal;San Juan;-30,12938321;-68,6791733;Conectado
El Mollar cambia por San Antonio;Tafí del Valle;Tucuman;;;Conectado
El Nihuil;San Rafael;Mendoza;-35,03537139;-68,68061493;Conectado
El Palenque;Paraná;Entre Rios;-31,65465833;-60,16733333;Conectado
El Paraiso;Ramallo;Buenos Aires;-33,56791527;-59,97911235;Conectado
El Pingo;Paraná;Entre Rios;-31,5838497;-59,89380694;Conectado
El Portezuelo;Valle Viejo;Catamarca;-28,469286;-65,634519;Conectado
El Pueblito;Tinogasta;Catamarca;-28,288818;-67,123452;Conectado
El Puesto;San Pedro;Jujuy;-24,1988255;-64,78934416;Conectado
El Quebrachal;Anta;Salta;-25,35198218;-64,02879639;Conectado
El Rincon;Caucete;San Juan;-31,44809438;-68,54251413;Conectado
El Salado;Tinogasta;Catamarca;-28,312021;-67,250879;Conectado
El Sauzal cambia por Iltico;Río Hondo;Santiago del Estero;;;Conectado
El Socorro - Villa Angelica;Pergamino;Buenos Aires;-33,66470374;-60,70843726;Conectado
El Solar;La Paz;Entre Rios;-31,18101247;-59,73288446;Conectado
El Sombrero;Empedrado;Corrientes;-27,70354409;-58,76860606;Conectado
El Sosneado;San Rafael;Mendoza;-35,08217722;-69,59241279;Conectado
El Talar;Santa Bárbara;Jujuy;-23,55587866;-64,36146391;Conectado
El Tunal;Metán;Salta;-25,26526458;-64,40610422;Conectado
El Vergel;Lavalle;Mendoza;-32,784309;-68,613076;Conectado
Embarcacion;Gral.J. de San Martín;Salta;-23,20421353;-64,09008179;Conectado
Emilio Ayarza;Chivilcoy;Buenos Aires;-34,74606011;-60,03923142;Conectado
Emilio V. Bunge;General Villegas;Buenos Aires;-34,77983283;-63,19609649;Conectado
Empalme Villa Constitucion;Constitución;Santa Fe;-33,26286255;-60,38046446;Conectado
Empedrado;Empedrado;Corrientes;-27,95245569;-58,80747639;Conectado
Enrique Carbo;Gualeguaychú;Entre Rios;-33,14784836;-59,20894011;Conectado
Epuyen;Cushamen;Chubut;-42,232925;-71,369507;Conectado
Esperanza;Güer Aike;Santa Cruz;-51,028218;-70,779725;Conectado
Esperanza.;Las Colonias;Santa Fe;-31,45059661;-60,93100681;Conectado
Esquel;Futaleufú;Chubut;-42,913324;-71,318512;Conectado
Esquina;Esquina;Corrientes;-30,01592842;-59,53098121;Conectado
Estacion Araoz;Leales;Tucuman;-27,05711525;-64,9218124;Conectado
Estacion Arroyo Cle;Tala;Entre Rios;-32,63389053;-59,40161089;Conectado
Estacion Atamisqui;Atamisqui;Santiago del Estero;-28,492678;-63,938497;Conectado
Estacion Camps;Diamante;Entre Rios;-32,11332074;-60,2299018;Conectado
Estacion Escriña;Gualeguaychú;Entre Rios;-32,593514;-58,906716;Conectado
Estacion Lazo;Gualeguay;Entre Rios;-32,87183976;-59,42234919;Conectado
Estacion Raices;Villaguay;Entre Rios;-31,90824819;-59,26069265;Conectado
Estacion Saguier;Castellanos;Santa Fe;-31,32451389;-61,6682;Conectado
Estacion Sosa;Paraná;Entre Rios;-31,73857427;-59,91150814;Conectado
Estacion Taboada;San Martin;Santiago del Estero;-28,00752778;-63,74744444;Conectado
Estacion Tacañitas;General Taboada;Santiago del Estero;-28,61385416;-62,52383619;Conectado
Estancia San Pedro;Uruguay;Entre Rios;-32,26694444;-58,62944444;Conectado
Eugenio Bustos;San Carlos;Mendoza;-33,78502245;-69,07290453;Conectado
Famailla;Famaillá;Tucuman;-27,04504563;-65,39563599;Conectado
Famatanca;Santa María;Catamarca;-26,81012;-66,059522;Conectado
Faustino M. Parera;Gualeguaychú;Entre Rios;-32,80443143;-58,8826334;Conectado
Federal;Federal;Entre Rios;-30,943125;-58,78145;Conectado
Fernandez;Robles;Santiago del Estero;-27,94540061;-63,82991702;Conectado
Fighiera;Rosario;Santa Fe;-33,19501878;-60,47060385;Conectado
Fontana;San Fernando;Chaco;-27,416713;-59,043938;Conectado
Fontezuela;Pergamino;Buenos Aires;-33,91383924;-60,46286509;Conectado
Formosa;Formosa;Formosa;-26,18282231;-58,17339305;Conectado
Fortin Inca;Belgrano;Santiago del Estero;-29,10405567;-61,84316261;Conectado
Fortin Tiburcio;Junin;Buenos Aires;-34,34673224;-61,13107817;Conectado
Fraile Pintado;Ledesma;Jujuy;-23,93667348;-64,80015555;Conectado
Francisco Madero;Pehuajo;Buenos Aires;-35,84830652;-62,06939184;Conectado
Franck;Las Colonias;Santa Fe;-31,58887362;-60,93889458;Conectado
Franklin;San Andrés de Giles;Buenos Aires;-34,61039087;-59,63017952;Conectado
Fray Luis Beltran;San Lorenzo;Santa Fe;-32,78555819;-60,72912364;Conectado
Freitas San Pedro;Federación;Entre Rios;-30,75718872;-58,08187138;Conectado
Frias;Choya;Santiago del Estero;-28,633587;-65,12801;Conectado
Frontera;Castellanos;Santa Fe;-31,43139908;-62,06349174;Conectado
Fuerte Quemado;Santa María;Catamarca;-26,630434;-66,064437;Conectado
Funes;Rosario;Santa Fe;-32,92278278;-60,81218028;Conectado
Gahan;Salto;Buenos Aires;-34,3380744;-60,09927362;Conectado
Gaona;Anta;Salta;-25,241162;-64,036538;Conectado
Garabato;Vera;Santa Fe;-28,95534474;-60,13843843;Conectado
General Almada;Gualeguaychú;Entre Rios;-32,83763348;-58,80381605;Conectado
General Alvear;General Alvear;Mendoza;-34,98046948;-67,70099508;Conectado
General Alvear.;Diamante;Entre Rios;-31,94945411;-60,67794973;Conectado
General Alvear..;General Alvear;Buenos Aires;-36,02293843;-60,01479357;Conectado
General Arenales;General Arenales;Buenos Aires;-34,30446797;-61,30562778;Conectado
General Ballivian;Gral.J. de San Martín;Salta;-22,92761052;-63,85229344;Conectado
General Belgrano;General Belgrano;Buenos Aires;-35,76945774;-58,49446151;Conectado
General Cabrera;Juárez Celman;Cordoba;-32,811891;-63,873697;Conectado
General Campos;San Salvador;Entre Rios;-31,52460783;-58,40477351;Conectado
General Conesa;Conesa;Rio Negro;-40,10473543;-64,45296195;Conectado
General Daniel Cerri;Bahia Blanca;Buenos Aires;-38,71365249;-62,39242217;Conectado
General Enrique Mosconi;Gral.J. de San Martín;Salta;-22,58729845;-63,80750987;Conectado
General Fotheringham;Tercero Arriba;Cordoba;-32,32342958;-63,87042574;Conectado
General Galarza;Gualeguay;Entre Rios;-32,72127131;-59,3958887;Conectado
General Juan Madariaga;General Madariaga;Buenos Aires;-36,996773;-57,13747691;Conectado
General La Madrid;General La Madrid;Buenos Aires;-37,25039925;-61,25957941;Conectado
General Lagos;Rosario;Santa Fe;-33,11215889;-60,56657378;Conectado
General Levalle;Presidente Roque Sáenz Peña;Cordoba;-34,009832;-63,922537;Conectado
General Paz;Colón;Cordoba;-31,13411891;-64,14100566;Conectado
General Racedo;Diamante;Entre Rios;-31,98401645;-60,40839123;Conectado
General Ramirez;Diamante;Entre Rios;-32,17727144;-60,19856058;Conectado
General Rivas;Suipacha;Buenos Aires;-34,61003707;-59,75042342;Conectado
General Rodriguez;General Rodriguez;Buenos Aires;-34,6079239;-58,95028204;Conectado
General Rojo;San Nicolas;Buenos Aires;-33,47586835;-60,28742706;Conectado
General Vedia;Bermejo;Chaco;-26,931365;-58,657921;Conectado
General Villegas;General Villegas;Buenos Aires;-35,03384199;-63,01466371;Conectado
Gilbert;Gualeguaychú;Entre Rios;-32,53060305;-58,9339533;Conectado
Gobernador Castro;San Pedro;Buenos Aires;-33,66057873;-59,86634083;Conectado
Gobernador Costa;Tehuelches;Chubut;-44,052983;-70,59792;Conectado
Gobernador Echague;Tala;Entre Rios;-32,39337013;-59,27588868;Conectado
Gobernador Febre;Nogoyá;Entre Rios;-32,4774516;-59,92171173;Conectado
Gobernador Gregores;Río Chico;Santa Cruz;-48,75212232;-70,24420359;Conectado
Gobernador Lopez;Leandro N. Alem;Misiones;-27,66152457;-55,21244556;Conectado
Gobernador Mansilla;Tala;Entre Rios;-32,54649136;-59,35614726;Conectado
Gobernador Sola;Tala;Entre Rios;-32,33720591;-59,37109062;Conectado
Golondrina;Vera;Santa Fe;-28,55887096;-60,02519193;Conectado
Gonzalez Moreno;Rivadavia;Buenos Aires;-35,55765293;-63,38158004;Conectado
Gorostiaga;Chivilcoy;Buenos Aires;-34,8391273;-59,8646672;Conectado
Gowland;Mercedes;Buenos Aires;-34,65242928;-59,35231863;Conectado
Goya;Goya;Corrientes;-29,14134393;-59,26053116;Conectado
Gramilla;Río Hondo;Santiago del Estero;-27,29651106;-64,58732288;Conectado
Gran China;Jáchal;San Juan;-30,12252732;-68,71619991;Conectado
Gran Guardia;Formosa;Formosa;-25,86284963;-58,8859915;Conectado
Granadero Baigorria;Rosario;Santa Fe;-32,86136417;-60,70621598;Conectado
Granadero Gatica;Moreno;Santiago del Estero;-26,872937;-62,716583;Conectado
Gualeguay;Gualeguay;Entre Rios;-33,14855562;-59,31501604;Conectado
Gualeguaychu;Gualeguaychú;Entre Rios;-33,01003283;-58,51642579;Conectado
Guamini;Guamini;Buenos Aires;-37,01208813;-62,41668573;Conectado
Guandacol;Coronel Felipe Varela;La Rioja;-29,50985932;-68,55220454;Conectado
Guardamonte;Tala;Entre Rios;-32,08263587;-59,30827722;Conectado
Guardia Escolta;Belgrano;Santiago del Estero;-28,989032;-62,122108;Conectado
Guerrero;Dr. Manuel Belgrano;Jujuy;-24,1861828;-65,44463125;Conectado
Guerrico;Pergamino;Buenos Aires;-33,67458496;-60,40068659;Conectado
Hasenkamp;Paraná;Entre Rios;-31,51330524;-59,83696962;Conectado
Hasse;Moreno;Santiago del Estero;-27,07174418;-62,64620129;Conectado
Henderson;Hipolito Yrigoyen;Buenos Aires;-36,29946304;-61,71784018;Conectado
Hernan Mejia Miraval;2 de Abril;Santiago del Estero;-27,17528813;-62,42572927;Conectado
Hernandez;Nogoyá;Entre Rios;-32,3380693;-60,03014048;Conectado
Hernando Ciudad;Tercero Arriba;Cordoba;-32,43374;-63,751244;Conectado
Hernando Silica;Tercero Arriba;Cordoba;-32,43374;-63,751244;Conectado
Herrera;Uruguay;Entre Rios;-32,43461398;-58,63301371;Conectado
Herrera Vegas;Hipólito Yrigoyen;Buenos Aires;-36,0883254;-61,41125008;Conectado
Hersilia;San Cristóbal;Santa Fe;-30,00567654;-61,83964677;Conectado
Hickman;Gral. J. de San Martín;Salta;-23,21748849;-63,56436247;Conectado
Hilario Ascasubi;Villarino;Buenos Aires;-39,37586026;-62,64779009;Conectado
Hipolito Yrigoyen (Iturbe);Humahuaca;Jujuy;-22,97826757;-65,35377949;Conectado
Huacalera;Tilcara;Jujuy;-23,43416426;-65,35133414;Conectado
Huaco;Jáchal;San Juan;-30,15706672;-68,48093658;Conectado
Hualfin;Belén;Catamarca;-27,225109;-66,825749;Conectado
Huancar;Susques;Jujuy;-23,60160532;-66,41331757;Conectado
Humahuaca;Humahuaca;Jujuy;-23,20261189;-65,35087437;Conectado
Humboldt;Las Colonias;Santa Fe;-31,40092106;-61,08255157;Conectado
Huyamampa;Banda;Santiago del Estero;-27,41181413;-64,2680299;Conectado
Ibarreta;Patiño;Formosa;-25,21131912;-59,85703984;Conectado
Iltico;Chicligasta;Tucuman;-27,33415;-65,643;Conectado
Ing. Guillermo N. Juarez;Matacos;Formosa;-23,89760041;-61,85382205;Conectado
Ingeniero Forres;Robles;Santiago del Estero;-27,89880453;-63,91532406;Conectado
Ingeniero Gustavo Andre;Lavalle;Mendoza;-32,7;-68,316667;Conectado
Ingeniero Jacobacci;25 de Mayo;Rio Negro;-41,32681342;-69,54412639;Conectado
Ingeniero Miguel Sajaroff;Villaguay;Entre Rios;-31,95693363;-58,84911746;Conectado
Ingeniero Thompson;Tres Lomas;Buenos Aires;-36,61025411;-62,91096121;Conectado
Intiyaco;Vera;Santa Fe;-28,67792537;-60,07246843;Conectado
Irala;Bragado;Buenos Aires;-34,77182303;-60,6916912;Conectado
Irazusta;Gualeguaychú;Entre Rios;-32,92693733;-58,95348348;Conectado
Iriarte;General Pinto;Buenos Aires;-34,41621373;-61,92801417;Conectado
Ituzaingo;Ituzaingó;Corrientes;-27,59104294;-56,70397394;Conectado
Jacipunco;Belén;Catamarca;-28,074296;-65,811463;Conectado
Jaime Prats;San Rafael;Mendoza;-34,91468312;-67,81914701;Conectado
Jesus Maria;Colón;Cordoba;-30,98119374;-64,09577129;Conectado
Joaquin V. Gonzalez;Anta;Salta;-25,12943247;-64,13858937;Conectado
Jocoli;Las Heras;Mendoza;-32,58431909;-68,68080881;Conectado
Jorge Born Ex Tomas Jofre;Mercedes;Buenos Aires;-34,699541;-59,318966;Conectado
Jose de San Martin;Tehuelches;Chubut;-44,054503;-70,469842;Conectado
Josefina;Castellanos;Santa Fe;-31,40796914;-61,99218472;Conectado
Juan A. de La Peña;Pergamino;Buenos Aires;-33,83227674;-60,48648954;Conectado
Juan A. Pradere;Patagones;Buenos Aires;-39,59938012;-62,65104708;Conectado
Juan Anchorena;Pergamino;Buenos Aires;-33,92633786;-60,38290348;Conectado
Juan Bautista Alberdi;Leandro N. Alem;Buenos Aires;-34,43879193;-61,81218938;Conectado
Juan Bautista Alberdi;Paclín;Tucuman;-27,5859774;-65,62084368;Conectado
Juan Jorba;General Pedernera;San Luis;-33,61328063;-65,2717503;Conectado
Juan Jose Paso;Pehuajo;Buenos Aires;-35,85247406;-62,29621238;Conectado
Juan Pujol;Monte Caseros;Corrientes;-30,41789645;-57,85606944;Conectado
Jubileo;Villaguay;Entre Rios;-31,73367333;-58,63403804;Conectado
Juella;Tilcara;Jujuy;-23,51829444;-65,40105;Conectado
Junin;Junin;Buenos Aires;-34,58383163;-60,94726517;Conectado
Junin de Los Andes;Huiliches;Neuquen;-39,94947201;-71,07033356;Conectado
Justo Daract;General Pedernera;San Luis;-33,85858345;-65,18704088;Conectado
Kilometro 115;Vera;Santa Fe;-28,82475109;-60,22560364;Conectado
Kilometro 658;Río Primero;Cordoba;-31,37018094;-63,53260255;Conectado
Koluel Kaike;Deseado;Santa Cruz;-46,71682675;-68,22796146;Conectado
La Adela;Caleu Caleu;La Pampa;-38,97396185;-64,08931669;Conectado
La Aurora;9 de Julio;Buenos Aires;-35,40794679;-61,21056682;Conectado
La Aurora;Banda;Santiago del Estero;-27,51900337;-64,18207336;Conectado
La Bajada;Paclin;Catamarca;-28,392052;-65,628265;Conectado
La Banda;Banda;Santiago del Estero;-27,75981048;-64,1861423;Conectado
La Buitrera;Picunches;Neuquen;-38,55747024;-70,36655603;Conectado
La Cañada;Figueroa;Santiago del Estero;-27,72765881;-63,7176686;Conectado
La Carolina;Rosario;Santa Fe;-33,076919;-60,698099;Conectado
La Cocha;La Cocha;Tucuman;-27,77300484;-65,58645684;Conectado
La Colina;General La Madrid;Buenos Aires;-37,36076902;-61,53484879;Conectado
La Criolla;Concordia;Entre Rios;-31,26937129;-58,10604254;Conectado
La Darsena;Banda;Santiago del Estero;-27,72755227;-64,24579847;Conectado
La Emilia;San Nicolas;Buenos Aires;-33,35148528;-60,31395735;Conectado
La Escondida;General Donovan;Chaco;-27,107325;-59,447533;Conectado
La Esperanza;San Pedro;Jujuy;-24,22221455;-64,83680705;Conectado
La Francia;San Justo;Cordoba;-31,40643792;-62,6343581;Conectado
La Gallareta;Vera;Santa Fe;-29,585489;-60,37993937;Conectado
La Gloria;Catriló;La Pampa;-36,50791772;-63,74440831;Conectado
La Intermedia;Yavi;Jujuy;-22,42248859;-65,70038508;Conectado
La Leonesa GNA;Bermejo;Chaco;-27,03796;-58,706938;Conectado
La Llave Nueva;San Rafael;Mendoza;-34,64492975;-68,01477047;Conectado
La Luisa;Capitán Sarmiento;Buenos Aires;-34,12855721;-59,92400583;Conectado
La Mendieta;San Pedro;Jujuy;-24,31435974;-64,97070847;Conectado
La Merced;Paclín;Catamarca;-28,153765;-65,669606;Conectado
La Paz;La Paz;Entre Rios;-30,7415411;-59,64335352;Conectado
La Picada;Paraná;Entre Rios;-31,72671008;-60,2971793;Conectado
La Plata;La Plata;Buenos Aires;-34,9208631;-57,95405601;Conectado
La Poma;La Poma;Salta;-24,71290105;-66,19973852;Conectado
La Quiaca;Yavi;Jujuy;-22,10003099;-65,59626249;Conectado
La Reduccion;Lules;Tucuman;-26,9601339;-65,35147275;Conectado
La Rica;Chivilcoy;Buenos Aires;-34,973919;-59,86393;Conectado
La Rioja EDT;Capital;La Rioja;-29,42178277;-66,85667538;Conectado
La Rubia;San Cristóbal;Santa Fe;-30,11139667;-61,79276085;Conectado
La Sabana;Tapenagá;Chaco;-27,873801;-59,93957;Conectado
La Torre - El Chiflon;Independencia;La Rioja;-30,20462301;-67,60233853;Conectado
La Viña;Paclín;Catamarca;-28,044446;-65,607938;Conectado
Laboulaye;Presidente Roque Sáenz Peña;Cordoba;-34,12361221;-63,38864631;Conectado
Lago Epuyen;Cushamen;Chubut;-42,213536;-71,429663;Conectado
Lago Puelo;Cushamen;Chubut;-42,067292;-71,598158;Conectado
Laguna Alsina;Guamini;Buenos Aires;-36,809052;-62,245148;Conectado
Laguna Blanca;Libertad;Chaco;-27,25722;-59,234049;Conectado
Laguna de Lobos;Lobos;Buenos Aires;-35,274762;-59,133906;Conectado
Laguna del Pescado;Victoria;Entre Rios;-32,69003377;-60,01183587;Conectado
Laguna Larga;Río Segundo;Cordoba;-31,77839872;-63,8027369;Conectado
Laguna Vitel;Chascomús;Buenos Aires;-35,54041693;-58,13491942;Conectado
Laguna Yema;Bermejo;Formosa;-24,25546472;-61,24399801;Conectado
Lapachito;General Donovan;Chaco;-27,15879;-59,390398;Conectado
Laplacette;Junin;Buenos Aires;-34,724524;-61,155317;Conectado
Laprida;Laprida;Buenos Aires;-37,546798;-60,797054;Conectado
Laprida;Choya;Santiago del Estero;-28,40735482;-64,45419278;Conectado
Larroque;Gualeguaychú;Entre Rios;-33,03542428;-59,00185366;Conectado
Las Armas;Maipu;Buenos Aires;-37,086054;-57,828575;Conectado
Las Bajadas;Calamuchita;Cordoba;-32,09540636;-64,33105355;Conectado
Las Catitas;Santa Rosa;Mendoza;-33,30010588;-68,05321824;Conectado
Las Chacritas;9 de Julio;San Juan;-31,59364179;-68,40771967;Conectado
Las Grutas;San Antonio;Rio Negro;-40,80609332;-65,08470198;Conectado
Las Guachas;Tala;Entre Rios;-32,467722;-59,173194;Conectado
Las Lajas;Picunches;Neuquen;-38,5292612;-70,36895029;Conectado
Las Lomitas;Patiño;Formosa;-24,71057761;-60,59378926;Conectado
Las Malvinas;San Rafael;Mendoza;-34,838415;-68,25393622;Conectado
Las Mojarras;Santa María;Catamarca;-26,6988605;-66,03873344;Conectado
Las Moscas;Uruguay;Entre Rios;-32,09266669;-58,95759236;Conectado
Las Palmas;Bermejo;Chaco;-27,047898;-58,679574;Conectado
Las Parejas;Belgrano;Santa Fe;-32,68268426;-61,51857983;Conectado
Las Perdices;Tercero Arriba;Cordoba;-32,698188;-63,70831;Conectado
Las Rosas;Belgrano;Santa Fe;-32,47857682;-61,57480368;Conectado
Las Talas - Los Medanos;Caucete;San Juan;-31,597295;-68,274026;Conectado
Las Toninas;La Costa;Buenos Aires;-36,488398;-56,700435;Conectado
Las Vertientes;Río Cuarto;Cordoba;-33,28394639;-64,57814623;Conectado
Las Violetas;Lavalle;Mendoza;-32,82081519;-68,61641408;Conectado
Lavalle;Lavalle;Corrientes;-29,02498125;-59,18185701;Conectado
Lazzarino;General Lopez;Santa Fe;-34,16632957;-62,42803803;Conectado
Leandro N Alem;Leandro N. Alem;Buenos Aires;-34,52172462;-61,3911829;Conectado
Leandro N. Alem;Leandro N. Alem;Misiones;-27,6018676;-55,32646592;Conectado
Lehmann;Castellanos;Santa Fe;-31,1272471;-61,45295691;Conectado
Leon;Dr. Manuel Belgrano;Jujuy;-24,03596327;-65,43155589;Conectado
Leones;Marcos Juárez;Cordoba;-32,65839141;-62,29991463;Conectado
Libaros;Uruguay;Entre Rios;-32,26294793;-58,90661081;Conectado
Libertador General San Martin;Ledesma;Jujuy;-23,79884753;-64,78474354;Conectado
Lima;Zárate;Buenos Aires;-34,043634;-59,197334;Conectado
Lincoln;Lincoln;Buenos Aires;-34,869042;-61,529165;Conectado
Liviara;Rinconada;Jujuy;-22,48969892;-66,26776378;Conectado
Lobos;Lobos;Buenos Aires;-35,185868;-59,095712;Conectado
Logroño;9 de Julio;Santa Fe;-29,50428128;-61,69673278;Conectado
Lomas del Rio Lujan;Campana;Buenos Aires;-34,281677;-58,891191;Conectado
Londres;Belén;Catamarca;-27,709144;-67,152129;Conectado
Lonquimay;Catriló;La Pampa;-36,46762634;-63,62372234;Conectado
Lopez;Benito Juarez;Buenos Aires;-37,554512;-59,627846;Conectado
Lopez Lecube;Puan;Buenos Aires;-38,117119;-62,725485;Conectado
Loro Huasi;Santa María;Catamarca;-26,73613837;-66,02178458;Conectado
Los Amores;Vera;Santa Fe;-28,10637217;-59,97866483;Conectado
Los Angeles;Chacabuco;Buenos Aires;-34,457506;-60,180185;Conectado
Los Blancos;Rivadavia;Salta;-23,63014781;-62,5972373;Conectado
Los Cardozos;Capital;Santiago del Estero;-27,94551944;-64,16464722;Conectado
Los Catutos;Zapala;Neuquen;-38,8384808;-70,19621068;Conectado
Los Charruas;Concordia;Entre Rios;-31,17078407;-58,1873843;Conectado
Los Condores;Calamuchita;Cordoba;-32,32112777;-64,28100803;Conectado
Los Conquistadores;Federación;Entre Rios;-30,59440746;-58,46826271;Conectado
Los Frentones;Almirante Brown;Chaco;-26,408298;-61,413427;Conectado
Los Helechos;Oberá;Misiones;-27,55318532;-55,07782277;Conectado
Los Menucos;25 de Mayo;Rio Negro;-40,84519114;-68,08320251;Conectado
Los Molinos;Capital;Santa Fe;-33,10549;-61,32650153;Conectado
Los Molinos.;Calamuchita;Cordoba;-31,85682232;-64,37795216;Conectado
Los Nacimientos;Belén;Catamarca;-27,127631;-66,712534;Conectado
Los Nuñez cambia por Concepcion;Río Hondo;Santiago del Estero;;;Conectado
Los Pinos;Balcarce;Buenos Aires;-37,941206;-58,322592;Conectado
Los Pirpintos;Copo;Santiago del Estero;-26,11432813;-62,04433441;Conectado
Los Pozos;Ischilín;Cordoba;-30,51545167;-64,26644499;Conectado
Los Pumas;Vera;Santa Fe;-29,26408333;-61,01638889;Conectado
Los Quiroga;Banda;Santiago del Estero;-27,67762583;-64,29781365;Conectado
Los Ralos;Cruz Alta;Tucuman;-26,87709985;-64,97489875;Conectado
Los Soria;Banda;Santiago del Estero;-27,62194444;-64,37111111;Conectado
Los Tigres;Copo;Santiago del Estero;-25,90949655;-62,59205542;Conectado
Los Toldos;General Viamonte;Buenos Aires;-35,001037;-61,03815;Conectado
Los Zazos;Tafí del Valle;Tucuman;-26,618804;-65,88555092;Conectado
Loventue;Loventué;La Pampa;-36,183333;-65,25;Conectado
Lozada;Santa María;Cordoba;-31,64845453;-64,08997961;Conectado
Lozano;Dr. Manuel Belgrano;Jujuy;-24,07735974;-65,40470048;Conectado
Luan Toro;Loventué;La Pampa;-36,20168188;-65,09727824;Conectado
Lucas Gonzalez;Nogoyá;Entre Rios;-32,38592895;-59,53130046;Conectado
Lucas Monteverde;25 de Mayo;Buenos Aires;-35,483827;-59,988065;Conectado
Lucio V Mansilla;Tulumba;Cordoba;-29,806372;-64,706541;Conectado
Lujan;Luján;Buenos Aires;-34,570655;-59,10954;Conectado
Macia;Tala;Entre Rios;-32,17244139;-59,39867871;Conectado
Maciel;San Jerónimo;Santa Fe;-32,45876526;-60,89311265;Conectado
Magdala;Pehuajo;Buenos Aires;-36,084671;-61,725475;Conectado
Maimara;Tilcara;Jujuy;-23,62081301;-65,40786004;Conectado
Makalle;General Donovan;Chaco;-27,211619;-59,288366;Conectado
Malargüe;Malargüe;Mendoza;-35,47701071;-69,58864919;Conectado
Malena;Río Cuarto;Cordoba;-33,48934109;-64,43200081;Conectado
Manfredi;Río Segundo;Cordoba;-31,84405856;-63,74607461;Conectado
Manuel Ocampo;Pergamino;Buenos Aires;-33,764723;-60,649243;Conectado
Maquinchao;25 de Mayo;Rio Negro;-41,24751656;-68,70034107;Conectado
Mar Azul;Villa Gesell;Buenos Aires;-37,336673;-57,032501;Conectado
Mar Chiquita;Mar Chiquita;Buenos Aires;-37,746258;-57,427448;Conectado
Mar de Cobo;Mar Chiquita;Buenos Aires;-37,7768;-57,455659;Conectado
Mar del Plata;General Pueyrredón;Buenos Aires;-38,01209148;-57,60649472;Conectado
Marayes;Caucete;San Juan;-31,47766956;-67,30936519;Conectado
Marcelino Ugarte;9 de Julio;Buenos Aires;-35,346266;-60,745345;Conectado
Marcos Juarez;Marcos Juárez;Cordoba;-32,69131;-62,105795;Conectado
Marcos Paz Silica;Marcos Paz;Buenos Aires;-34,796544;-58,877821;Conectado
Margarita;Vera;Santa Fe;-29,69108796;-60,25246527;Conectado
Maria Grande;Paraná;Entre Rios;-31,6660715;-59,90443793;Conectado
Mariano Benitez;Pergamino;Buenos Aires;-33,709027;-60,58426;Conectado
Mariano H. Alfonso;Pergamino;Buenos Aires;-33,914854;-60,834055;Conectado
Mariano Moreno;Zapala;Neuquen;-38,76425913;-70,03866698;Conectado
Matara;Juan F. Ibarra;Santiago del Estero;-28,11242298;-63,12760577;Conectado
Mayor Buratovich;Villarino;Buenos Aires;-39,259095;-62,615789;Conectado
Mendoza;Capital;Mendoza;-32,88971667;-68,84453056;Conectado
Mercedes;Mercedes;Buenos Aires;;;Conectado
Milagro;General Ocampo;La Rioja;-31,01317175;-65,98825545;Conectado
Ministerio de Modernizacion;CABA;CABA;-34,59972222;-58,38194444;Conectado
Ministro Ramos Mexia;9 de Julio;Rio Negro;-40,50854001;-67,26192071;Conectado
Miraflores.;San Pedro;Jujuy;-24,22388889;-64,82111111;Conectado
Misarrumi;Rinconada;Jujuy;-22,21434434;-66,33656162;Conectado
Mision Chaqueña;Gral.J. de San Martín;Salta;-23,27614124;-63,73618002;Conectado
Mision Km 6;Gral.J. de San Martín;Salta;-22,50602283;-63,73997219;Conectado
Mocoreta;Monte Caseros;Corrientes;-30,6176804;-57,96282546;Conectado
Moises Ville;San Cristóbal;Santa Fe;-30,71820087;-61,46914009;Conectado
Molinos;Molinos;Salta;-25,44424329;-66,30885009;Conectado
Monigotes;San Cristóbal;Santa Fe;-30,49013599;-61,63482247;Conectado
Monje;San Jerónimo;Santa Fe;-32,35873566;-60,9429043;Conectado
Monte Coman;San Rafael;Mendoza;-34,59718099;-67,88428991;Conectado
Monte de Los Gauchos;Río Cuarto;Cordoba;-33,63688796;-63,89000688;Conectado
Monte Flores (Barrio Don Manuel);Rosario;Santa Fe;;;Conectado
Monte Quemado;Copo;Santiago del Estero;-25,80423794;-62,83162659;Conectado
Monte Ralo;Santa María;Cordoba;-31,911575;-64,239992;Conectado
Montefiore;9 de Julio;Santa Fe;-29,66786982;-61,86710829;Conectado
Monteros;Monteros;Tucuman;-27,16747666;-65,49877745;Conectado
Morrison;Unión;Cordoba;-32,59364231;-62,83600846;Conectado
Morse;Junin;Buenos Aires;-34,76089;-60,841912;Conectado
Nahuel Niyeu;Valcheta;Rio Negro;-40,50419832;-66,565753;Conectado
Napaleufu;Balcarce;Buenos Aires;-37,625498;-58,746186;Conectado
Napalpi;25 de Mayo;Chaco;-26,903262;-60,117384;Conectado
Navarro;Navarro;Buenos Aires;-35,003607;-59,277416;Conectado
Neuquen;Confluencia;Neuquen;-38,94928568;-68,08390576;Conectado
Niquivil;Jáchal;San Juan;-30,40067501;-68,6910631;Conectado
Nogoya;Nogoyá;Entre Rios;-32,39564164;-59,78807642;Conectado
Nonogasta;Chilecito;La Rioja;-29,30409594;-67,50727846;Conectado
Nuestra Señora de Talavera;Anta;Salta;-25,48107256;-63,78800083;Conectado
Nueva Esperanza;Pellegrini;Santiago del Estero;-26,22817084;-64,21653505;Conectado
Nueva Francia;Silípica;Santiago del Estero;-28,18342222;-64,19946667;Conectado
Nueva Plata;Pehuajo;Buenos Aires;-35,919912;-61,8134;Conectado
Nueva Vizcaya;Federal;Entre Rios;-30,96851498;-58,61274793;Conectado
Nuevo Pirquitas;Rinconada;Jujuy;-22,68699365;-66,45640168;Conectado
Nuevo Torino;Las Colonias;Santa Fe;-31,34688238;-61,23572573;Conectado
Obera;Oberá;Misiones;-27,48165594;-55,12515469;Conectado
OHiggins;Chacabuco;Buenos Aires;-34,585471;-60,698633;Conectado
Olavarria;Olavarria;Buenos Aires;-36,892094;-60,318005;Conectado
Olegario V. Andrade;Leandro N. Alem;Misiones;-27,56582204;-55,50172543;Conectado
Oliva;Tercero Arriba;Cordoba;-32,041317;-63,569382;Conectado
Olivera;Luján;Buenos Aires;-34,626504;-59,253381;Conectado
Oliveros;Iriondo;Santa Fe;-32,57582152;-60,85535153;Conectado
Oncativo;Río Segundo;Cordoba;-31,912836;-63,683682;Conectado
Open Door;Luján;Buenos Aires;-34,48901624;-59,06173613;Conectado
Oratorio;Santa Catalina;Jujuy;-22,06568788;-66,0785088;Conectado
Oro Verde;Paraná;Entre Rios;-31,82573555;-60,51827282;Conectado
Orosmayo;Rinconada;Jujuy;-22,557052;-66,356331;Conectado
Osvaldo Magnasco;Concordia;Entre Rios;-31,313422;-58,057994;Conectado
Otumpa;;Santiago del Estero;-27,33055449;-62,22640184;Conectado
Padre Lozano;Gral.J. de San Martín;Salta;-23,2157248;-63,84264679;Conectado
Paicone;Santa Catalina;Jujuy;-22,19569152;-66,42016848;Conectado
Palacios;San Cristóbal;Santa Fe;-30,71066941;-61,6236952;Conectado
Palo Labrado;Paclín;Catamarca;-28,321325;-65,619358;Conectado
Palos Blancos;San Pedro;Jujuy;-24,32498013;-64,94893675;Conectado
Palpala;Palpalá;Jujuy;-24,26605034;-65,2120271;Conectado
Pampa de Los Guanacos;Copo;Santiago del Estero;-26,2062856;-61,8178937;Conectado
Pampa del Infierno;Almirante Brown;Chaco;-26,506397;-61,17649;Conectado
Pampa Vieja;Jáchal;San Juan;-30,22027506;-68,69099676;Conectado
Parada Labougle;Monte Caseros;Corrientes;-30,31904002;-57,72898682;Conectado
Parada Pucheta;Paso de Los Libres;Corrientes;-29,9053454;-57,57436935;Conectado
Paraiso;San Pedro;Misiones;-26,68356639;-54,20501075;Conectado
Paraje 29;Vera;Santa Fe;-29,1097652;-60,23912977;Conectado
Paraje Cochico;General Alvear;Mendoza;-35,71243253;-67,33124389;Conectado
Paraje La Virgen;Diamante;Entre Rios;-31,91736257;-60,65319688;Conectado
Paraje Pavon ;General Lavalle;Buenos Aires;-36,708954;-56,759843;Conectado
Parana;Paraná;Entre Rios;-31,74156764;-60,52841459;Conectado
Parapeti;San Pedro;Jujuy;-24,23485799;-64,84403365;Conectado
Parque Norte - Ciudad de Los Nidos - Vil;Colón;Cordoba;-31,309429;-64,178124;Conectado
Paso de La Laguna;Villaguay;Entre Rios;-31,80576491;-59,16516137;Conectado
Paso Viejo;Cruz del Eje;Cordoba;-30,76868358;-65,18647002;Conectado
Pastos Chicos;Susques;Jujuy;-23,766368;-66,437334;Conectado
Patquia;Independencia;La Rioja;-30,05221144;-66,89158868;Conectado
Patricios;9 de Julio;Buenos Aires;-35,439553;-60,717438;Conectado
Pavon;Constitución;Santa Fe;-33,24307548;-60,40627579;Conectado
Pavon Arriba;Constitución;Santa Fe;-33,31341739;-60,82497589;Conectado
Payogasta;Cachi;Salta;-25,04894798;-66,10271024;Conectado
Pedro Luro;Villarino;Buenos Aires;-39,500777;-62,687432;Conectado
Pehuajo;Pehuajo;Buenos Aires;-35,812303;-61,898821;Conectado
Pellegrini;Pellegrini;Buenos Aires;-36,269735;-63,165286;Conectado
Pergamino;Pergamino;Buenos Aires;-33,89499;-60,57164;Conectado
Pergamino SHII;Pergamino;Buenos Aires;;;Conectado
Perico;El Carmen;Jujuy;-24,37981528;-65,11327938;Conectado
Perito Moreno;Lago Buenos Aires;Santa Cruz;-46,59214169;-70,92572784;Conectado
Peru;Guatraché;La Pampa;-37,66238494;-64,13732135;Conectado
Peyrano;Constitución;Santa Fe;-33,54113786;-60,80432956;Conectado
Pichanal;Orán;Salta;-23,31338965;-64,21975184;Conectado
Pico Truncado;Deseado;Santa Cruz;-46,79389812;-67,95757049;Conectado
Picun Leufu;Picun Leufu;Neuquen;-39,51913617;-69,29626731;Conectado
Piedra del Aguila;Collón Curá;Neuquen;-40,04655386;-70,07731958;Conectado
Piedritas;General Villegas;Buenos Aires;-34,771105;-62,984697;Conectado
Pigüe;Saavedra;Buenos Aires;-37,60639;-62,405773;Conectado
Pilar;Río Segundo;Cordoba;-31,68045169;-63,88149798;Conectado
Pilar (Muzilli 1238);Pilar;Buenos Aires;;;Conectado
Pilcaniyeu;Pilcaniyeu;Rio Negro;-41,12529018;-70,72169439;Conectado
Pinamar;Pinamar;Buenos Aires;-37,077745;-56,843723;Conectado
Piñalito Sur;San Pedro;Misiones;-26,41607813;-53,83691345;Conectado
Piquirenda;Gral.J. de San Martín;Salta;-22,33354908;-63,75968471;Conectado
Pirane;Pirané;Formosa;-25,73064179;-59,10752059;Conectado
Pituil;Famatina;La Rioja;-28,58150773;-67,45083795;Conectado
Plaza Clucellas;Castellanos;Santa Fe;-31,45455052;-61,70747562;Conectado
Plaza Huincul;Confluencia;Neuquen;-38,92907095;-69,20215944;Conectado
Plaza Saguier;Castellanos;Santa Fe;-31,32510495;-61,67773733;Conectado
Pluma de Pato;Rivadavia;Salta;-23,38084263;-63,09805565;Conectado
Polco;Chamical;La Rioja;-30,42931538;-66,35864225;Conectado
Posadas;Capital;Misiones;-27,36621704;-55,8940021;Conectado
Pozo de los Indios;Vera;Santa Fe;-28,9451306;-60,25200357;Conectado
Pozo Hondo;Jiménez;Santiago del Estero;-27,19379271;-64,43931409;Conectado
Pozuelos;Río Hondo;Santiago del Estero;-27,34363384;-64,70267525;Conectado
Presidencia de La Plaza;Presidencia de La Plaza;Chaco;-27,002971;-59,8476;Conectado
Presidencia Roque Saenz Peña;Comandante Fernández;Chaco;-26,791606;-60,442146;Conectado
Presidente Roca;Castellanos;Santa Fe;-31,22969791;-61,61010362;Conectado
Profesor Salvador Mazza;Gral.J. de San Martín;Salta;-22,05426344;-63,68728296;Conectado
Puan;Puan;Buenos Aires;-37,542614;-62,765228;Conectado
Pueblo Bellocq _Las Garzas;La Paz;Entre Rios;-31,42871404;-59,74578859;Conectado
Pueblo Gouin;Carmen de Areco;Buenos Aires;-34,495119;-59,802974;Conectado
Pueblo Independencia;Monteros;Tucuman;-27,22078483;-65,52741731;Conectado
Pueblo Santa Lucia;Vera;Santa Fe;-29,28381581;-60,40385641;Conectado
Puelen;Puelén;La Pampa;-37,34006555;-67,62185005;Conectado
Puente Lavayen;Santa Bárbara;Jujuy;-24,2715033;-64,71469275;Conectado
Puerta de Corral Quemado;Belén;Catamarca;-27,214292;-66,926318;Conectado
Puerta de San Jose;Belén;Catamarca;-27,548161;-67,004603;Conectado
Puerto Bermejo Nuevo;Bermejo;Chaco;-26,907375;-58,542832;Conectado
Puerto Bermejo Viejo;Bermejo;Chaco;-26,928548;-58,506304;Conectado
Puerto Eva Peron;Bermejo;Chaco;-26,66148;-58,635582;Conectado
Puerto General San Martin;San Lorenzo;Santa Fe;-32,7190026;-60,73349254;Conectado
Puerto Iguazu;Iguazú;Misiones;-25,608511;-54,564942;Conectado
Puerto Ruiz;Gualeguay;Entre Rios;-33,21984018;-59,36303387;Conectado
Puesto de San Antonio;Capital;Santiago del Estero;-27,68752936;-64,33959848;Conectado
Puesto Sey;Susques;Jujuy;-23,95845506;-66,4953541;Conectado
Pumahuasi;Yavi;Jujuy;-22,28905798;-65,67867666;Conectado
Punta de Balasto;Santa María;Catamarca;-26,930094;-66,148729;Conectado
Punta de Los Llanos;General Angel V. Peñaloza;La Rioja;-30,16543386;-66,55657525;Conectado
Purmamarca;Tumbaya;Jujuy;-23,74099806;-65,50524123;Conectado
Quilino;Ischilín;Cordoba;-30,215955;-64,502978;Conectado
Quimili;Moreno;Santiago del Estero;-27,63429098;-62,3568863;Conectado
Rafael Garcia;Santa María;Cordoba;-31,64653739;-64,25847877;Conectado
Rafael Obligado;Rojas;Buenos Aires;-34,35881325;-60,78456933;Conectado
Rafaela;Castellanos;Santa Fe;-31,24824824;-61,49981179;Conectado
Ramallo;Ramallo;Buenos Aires;-33,487702;-60,007221;Conectado
Rancagua;Pergamino;Buenos Aires;-34,030372;-60,504233;Conectado
Ranchillos;Cruz Alta;Tucuman;-26,95478658;-65,0483776;Conectado
Ranchos;General Paz;Buenos Aires;-35,517352;-58,318425;Conectado
Ranquil Norte;Malargüe;Mendoza;-36,65887778;-69,83033889;Conectado
Rapelli;Pellegrini;Santiago del Estero;-26,42263898;-64,48233601;Conectado
Rauch;Rauch;Buenos Aires;-36,775504;-59,087111;Conectado
Rawson.;Chacabuco;Buenos Aires;-34,608637;-60,067711;Conectado
Real del Padre;San Rafael;Mendoza;-34,84331498;-67,76742037;Conectado
Recreo;La Paz;Catamarca;-29,276861;-65,056564;Conectado
Resistencia;San Fernando;Chaco;-27,452119;-58,987617;Conectado
Riacho Negro;Pilcomayo;Formosa;-25,42243202;-57,79145451;Conectado
Riachuelo;Capital;Corrientes;-27,58114529;-58,74198312;Conectado
Rincon de Nogoya;Victoria;Entre Rios;-32,78408226;-59,90660118;Conectado
Rio Chico;Rio Chico;Tucuman;-27,48099612;-65,62140613;Conectado
Rio Colorado;Pichi Mahuida;Rio Negro;-38,99141361;-64,08746823;Conectado
Rio Colorado;Leales;Tucuman;-27,14968002;-65,35605136;Conectado
Rio Cuarto EDT;Rio Cuarto;Cordoba;-33,12426312;-64,3487377;Conectado
Rio Gallegos;Güer Aike;Santa Cruz;-51,62143498;-69,22905093;Conectado
Rio Mayo;Río Senguer;Chubut;-45,696454;-70,25598;Conectado
Rio Primero;Río Primero;Cordoba;-31,329184;-63,621867;Conectado
Rio Seco;Monteros;Tucuman;-27,2690482;-65,55934595;Conectado
Rio Tala;San Pedro;Buenos Aires;-33,76959;-59,638371;Conectado
Rio Tercero;Tercero Arriba;Cordoba;-32,17310097;-64,11305606;Conectado
Rio Villegas;Bariloche;Rio Negro;-41,58221592;-71,5012934;Conectado
Rivera;Adolfo Alsina;Buenos Aires;-37,158355;-63,244219;Conectado
Rocamora;Uruguay;Entre Rios;-32,34597296;-58,96974541;Conectado
Rodeito;San Pedro;Jujuy;-24,27148664;-64,76773392;Conectado
Rojas;Rojas;Buenos Aires;-34,19616;-60,733264;Conectado
Roldan;San Lorenzo;Santa Fe;-32,90238793;-60,9108828;Conectado
Roque Perez;Roque Perez;Buenos Aires;-35,401638;-59,334686;Conectado
Rosales;Presidente Roque Sáenz Peña;Cordoba;-34,17179073;-63,15347985;Conectado
Rosario;Rosario;Santa Fe;-32,95381426;-60,65153794;Conectado
Rosario de Rio Grande;San Pedro;Jujuy;-24,30690967;-64,93178134;Conectado
Rosario del Tala;Tala;Entre Rios;-32,30263392;-59,14457921;Conectado
Roversi;Moreno;Santiago del Estero;-27,59312082;-61,94544429;Conectado
Rufino;General Lopez;Santa Fe;-34,26360984;-62,71170388;Conectado
Rumi Punco;La Cocha;Tucuman;-27,9833822;-65,5739195;Conectado
Saavedra;Saavedra;Buenos Aires;-37,76364;-62,350633;Conectado
Saforcada;Junin;Buenos Aires;-34,575259;-61,074731;Conectado
Saladillo;Saladillo;Buenos Aires;-35,64043;-59,779059;Conectado
Salliquelo;Salliqueló;Buenos Aires;-36,751165;-62,959957;Conectado
Salto;Salto;Buenos Aires;-34,29216;-60,254624;Conectado
Salto Encantado;Cainguás;Misiones;-27,08227979;-54,83348561;Conectado
Salvador Maria;Lobos;Buenos Aires;-35,302807;-59,169684;Conectado
Sampacho;Río Cuarto;Cordoba;-33,3845383;-64,72198495;Conectado
Sampacho Silica;Sampacho;Cordoba;;;Conectado
San Agustin;Calamuchita;Cordoba;-31,97631551;-64,37330672;Conectado
San Andres de Giles;San Andrés de Giles;Buenos Aires;-34,445908;-59,445167;Conectado
San Antonio;San Pedro;Jujuy;;;Conectado
San Antonio;Gral. Manuel Belgrano;Misiones;-26,05578381;-53,73399595;Conectado
San Antonio de Areco;San Antonio de Areco;Buenos Aires;-34,250376;-59,470863;Conectado
San Antonio de Los Cobres;Los Andes;Salta;-24,209931;-66,315436;Conectado
San Antonio Oeste;San Antonio;Rio Negro;-40,73129453;-64,95529413;Conectado
San Basilio;Río Cuarto;Cordoba;-33,49785425;-64,31518282;Conectado
San Benito;Paraná;Entre Rios;-31,78152181;-60,44197399;Conectado
San Carlos;Ituzaingó;Corrientes;-27,74578509;-55,90004794;Conectado
San Carlos;San Carlos;Salta;-27,74578509;-55,90004794;Conectado
San Carlos ;San Carlos;Mendoza;-33,77444946;-69,04909092;Conectado
San Carlos de Bariloche;Bariloche;Rio Negro;-41,13692829;-71,29906454;Conectado
San Carlos de Bolivar;Bolívar;Buenos Aires;-36,22956;-61,11319;Conectado
San Fabian;San Jerónimo;Santa Fe;-32,13837187;-60,98326602;Conectado
San Francisco;San Justo;Cordoba;-31,42760889;-62,08663361;Conectado
San Gregorio;General Lopez;Santa Fe;-34,32651865;-62,03795297;Conectado
San Gustavo;La Paz;Entre Rios;-30,69050672;-59,39945401;Conectado
San Isidro de Jachal;Jáchal;San Juan;-30,142739;-68,70436;Conectado
San Isidro de Lules;Lules;Tucuman;-26,92393792;-65,33640179;Conectado
San Jaime de la Frontera;Federación;Entre Rios;-30,33962735;-58,3080916;Conectado
San Javier;Adolfo Alsina;Rio Negro;-40,74725095;-63,2646525;Conectado
San Jeronimo Sud;San Lorenzo;Santa Fe;-32,87873533;-61,0243904;Conectado
San Jose;Apóstoles;Misiones;-27,765318;-55,77469208;Conectado
San Jose ;Coronel Suarez;Buenos Aires;-37,50774803;-61,92114731;Conectado
San Jose de Feliciano;Feliciano;Entre Rios;-30,38527131;-58,75157196;Conectado
San Jose de Jachal;Jáchal;San Juan;-30,24276729;-68,74549346;Conectado
San Jose de La Cocha;La Cocha;Tucuman;-27,7315967;-65,58275952;Conectado
San Jose de Las Salinas;Tulumba;Cordoba;-30,00907739;-64,62513442;Conectado
San Jose Villa;Santa María;Catamarca;-26,80124;-66,069857;Conectado
San Juan;Capital;San Juan;-31,53719704;-68,52501832;Conectado
San Juan de Oros;Santa Catalina;Jujuy;-22,216052;-66,388334;Conectado
San Lorenzo;Saladas;Corrientes;-28,13146033;-58,7668321;Conectado
San Lorenzo;San Lorenzo;Santa Fe;-32,75230695;-60,73562098;Conectado
San Lucas;San Pedro;Jujuy;-24,22575543;-64,86460567;Conectado
San Luis;Juan Martín de Pueyrredón;San Luis;-33,30231397;-66,33608774;Conectado
San Marcos Sud;Unión;Cordoba;-32,63032755;-62,48197126;Conectado
San Martin de Los Andes;Lacar;Neuquen;-40,15376007;-71,35500986;Conectado
San Miguel de Tucuman;Capital;Tucuman;-26,82900979;-65,21054418;Conectado
San Miguel del Monte;Monte;Buenos Aires;-35,439164;-58,80946;Conectado
San Nicolas;Chilecito;La Rioja;-29,12176349;-67,47589596;Conectado
San Nicolas de Los Arroyos;San Nicolas;Buenos Aires;-33,348708;-60,231334;Conectado
San Pedro;San Pedro;Misiones;-26,61979031;-54,11468189;Conectado
San Pedro de Jujuy;San Pedro;Jujuy;-24,233333;-64,883333;Conectado
San Pedro GNA;;Jujuy;-24,233333;-64,883333;Conectado
San Rafael;San Rafael;Mendoza;-34,63561042;-68,33109201;Conectado
San Rafael SHII;San Rafael;Mendoza;;;Conectado
San Ramon de La Nueva Oran;Orán;Salta;-23,12981389;-64,31858847;Conectado
San Salvador;San Salvador;Entre Rios;-31,62552255;-58,50407382;Conectado
San Salvador de Jujuy;Dr. Manuel Belgrano;Jujuy;-24,19535779;-65,30245064;Conectado
San Sebastian;Chivilcoy;Buenos Aires;-34,944378;-59,70186;Conectado
San Vicente;Guaraní;Misiones;-26,99537918;-54,48349651;Conectado
San Vicente ;San Vicente;Buenos Aires;-34,760437;-60,325843;Conectado
San Victor;Feliciano;Entre Rios;-30,48692836;-59,03165195;Conectado
Sancti Spiritu;General Lopez;Santa Fe;-34,00952856;-62,24245034;Conectado
Santa Ana;Rio Chico;Tucuman;-27,47223214;-65,68416754;Conectado
Santa Anita;Uruguay;Entre Rios;-32,17624663;-58,78648225;Conectado
Santa Catalina;Río Cuarto;Cordoba;-33,205201;-64,43408;Conectado
Santa Catalina;Santa Catalina;Jujuy;-21,94437205;-66,05251331;Conectado
Santa Clara del Mar;Mar Chiquita;Buenos Aires;-37,834834;-57,507949;Conectado
Santa Fe;Capital;Santa Fe;-31,64516481;-60,70931471;Conectado
Santa Florentina;Chilecito;La Rioja;-29,13306158;-67,55760818;Conectado
Santa Isabel;Chalileo;La Pampa;-36,22985856;-66,94166969;Conectado
Santa Lucia;Monteros;Tucuman;-27,094647;-65,53518;Conectado
Santa Lucia.;Lavalle;Corrientes;-28,9847967;-59,10175764;Conectado
Santa Maria;Santa María;Catamarca;-26,689117;-66,018884;Conectado
Santa Maria;Capital;Santiago del Estero;;;Conectado
Santa Regina;General Villegas;Buenos Aires;-34,548336;-63,173273;Conectado
Santa Rosa;Capital;La Pampa;-36,6182898;-64,29167704;Conectado
Santa Rosa Ciudad;Santa Rosa;Mendoza;-33,25442279;-68,15674388;Conectado
Santa Rosa de los Leales;Leales;Tucuman;-27,13789288;-65,26141739;Conectado
Santa Teresa;Constitución;Santa Fe;-33,43854716;-60,79115428;Conectado
Santa Trinidad;Coronel Suarez;Buenos Aires;-37,489104;-61,925276;Conectado
Santiago del Estero;Capital;Santiago del Estero;-27,80890099;-64,21666021;Conectado
Santiago Temple;Río Segundo;Cordoba;-31,3871253;-63,4182078;Conectado
Santo Tomas;Collón Curá;Neuquen;-39,82180073;-70,10288848;Conectado
Santo Tome;Capital;Santa Fe;-31,66484233;-60,76263998;Conectado
Sargento Vidal;General Roca;Rio Negro;-38,68564096;-68,15807803;Conectado
Sarmiento;Totoral;Cordoba;-30,7741941;-64,10898681;Conectado
Sauce de Luna;Federal;Entre Rios;-31,23847406;-59,22028296;Conectado
Sauce Montrull;Paraná;Entre Rios;-31,77042222;-60,40133333;Conectado
Sauce Viejo;Capital;Santa Fe;-31,765917;-60,831297;Conectado
Sauzal;San Pedro;Jujuy;-24,2997435;-64,95769839;Conectado
Seclantas;Molinos;Salta;-25,33050996;-66,24844662;Conectado
Segui;Paraná;Entre Rios;-31,95887508;-60,12698291;Conectado
Selva;Rivadavia;Santiago del Estero;-29,74119659;-61,9305031;Conectado
Serrezuela;Cruz del Eje;Cordoba;-30,63920263;-65,38130096;Conectado
Sierra Colorada;9 de Julio;Rio Negro;-40,58509935;-67,75554459;Conectado
Sierra de los Padres;General Pueyrredón;Buenos Aires;-37,95416671;-57,7715971;Conectado
Simbol;Silípica;Santiago del Estero;-28,10145278;-64,21101667;Conectado
Sinsacate;Totoral;Cordoba;-30,942857;-64,088497;Conectado
Sir Leonard;La Paz;Entre Rios;-31,38966795;-59,50321238;Conectado
Socavones;Santa María;Cordoba;-31,54939651;-64,14307404;Conectado
Soldado Maldonado;Monteros;Tucuman;-27,14233601;-65,5656822;Conectado
Solis;San Andrés de Giles;Buenos Aires;-34,298971;-59,325055;Conectado
Stroeder;Patagones;Buenos Aires;-40,185487;-62,620516;Conectado
Suipacha;Suipacha;Buenos Aires;-34,771262;-59,687918;Conectado
Sunchales;Castellanos;Santa Fe;-30,94685551;-61,56125043;Conectado
Suncho Corral;Juan F. Ibarra;Santiago del Estero;-27,94251975;-63,36977358;Conectado
Susana;Castellanos;Santa Fe;-31,35759639;-61,516439;Conectado
Susques;Susques;Jujuy;-23,39975252;-66,3674477;Conectado
Tabossi;Paraná;Entre Rios;-31,80470776;-59,93791516;Conectado
Taco Pozo;Almirante Brown;Chaco;-25,61566;-63,269296;Conectado
Tacural;Castellanos;Santa Fe;-30,84810715;-61,59240182;Conectado
Tafi del Valle;Tafí del Valle;Tucuman;-26,8527979;-65,70855738;Conectado
Tancacha;Tercero Arriba;Cordoba;-32,24020703;-63,9799466;Conectado
Tandil;Tandil;Buenos Aires;-37,323885;-59,131069;Conectado
Tapalque;Tapalque;Buenos Aires;-36,357367;-60,024744;Conectado
Tapso;Choya;Santiago del Estero;-28,44212814;-65,02445213;Conectado
Taquimilan;Norquín;Neuquen;-37,51691039;-70,25038637;Conectado
Tartagal;Gral.J. de San Martín;Salta;-22,50986451;-63,7970473;Conectado
Tecka;Languiñeo;Chubut;-43,493582;-70,813561;Conectado
Telen;Loventué;La Pampa;-36,2640564;-65,50977318;Conectado
Teniente Berdina;Monteros;Tucuman;-27,05003479;-65,48758314;Conectado
Teniente Origone;Villarino;Buenos Aires;-39,058059;-62,569714;Conectado
Teodelina;General Lopez;Santa Fe;-34,19161309;-61,52722646;Conectado
Termas de Rio Hondo;Río Hondo;Santiago del Estero;-27,53776494;-64,80425714;Conectado
Tezanos Pintos;Paraná;Entre Rios;-31,87354562;-60,49702353;Conectado
Tilcara;Tilcara;Jujuy;-23,57035201;-65,39407934;Conectado
Tintina;Moreno;Santiago del Estero;-27,02592913;-62,662444;Conectado
Tio Pujio;General San Martín;Cordoba;-32,28637391;-63,35401795;Conectado
Toba;Vera;Santa Fe;-29,26758843;-60,1726559;Conectado
Tobantirenda;Gral.J. de San Martín;Salta;-22,13833247;-63,70618197;Conectado
Tobuna;San Pedro;Misiones;-26,46644176;-53,89198881;Conectado
Todd;Arrecifes;Buenos Aires;-34,032824;-60,156227;Conectado
Tolloche;Anta;Salta;-25,54664567;-63,53429186;Conectado
Tolombon;Cafayate;Salta;-26,181472;-65,94025;Conectado
Tomas Young;General Taboada;Santiago del Estero;-28,60041667;-62,18527778;Conectado
Tornquist;Tornquist;Buenos Aires;-38,098998;-62,221809;Conectado
Tortugas;Belgrano;Santa Fe;-32,74829826;-61,82033593;Conectado
Tostado;9 de Julio;Santa Fe;-29,23447325;-61,77198242;Conectado
Tranquitas;Gral.J. de San Martín;Salta;-22,40761742;-63,76813994;Conectado
Transito;San Justo;Cordoba;-31,42511095;-63,19540386;Conectado
Trenque Lauquen;Trenque Lauquen;Buenos Aires;-35,974695;-62,73231;Conectado
Tres Algarrobos;Carlos Tejedor;Buenos Aires;-35,197982;-62,773081;Conectado
Tres Cruces;Humahuaca;Jujuy;-22,91728904;-65,58740033;Conectado
Tres Lagos;Lago Argentino;Santa Cruz;-49,59901483;-71,44580224;Conectado
Tres Lomas;Tres Lomas;Buenos Aires;-36,458109;-62,862136;Conectado
Tuclame;Cruz del Eje;Cordoba;-30,74852848;-65,23754107;Conectado
Tumbaya;Tumbaya;Jujuy;-23,85230341;-65,46725467;Conectado
Tunuyan Silica;Tunuyán;Mendoza;-33,57755497;-69,02537594;Conectado
Tupeli;25 de Mayo;San Juan;-31,83903157;-68,35739412;Conectado
Unanue;Utracan;La Pampa;-37,516667;-64,35;Conectado
Uquia;Humahuaca;Jujuy;-23,30180652;-65,35756183;Conectado
Urdinarrain;Gualeguaychú;Entre Rios;-32,68813116;-58,88899455;Conectado
Uribelarrea;Cañuelas;Buenos Aires;-35,122736;-58,890487;Conectado
Uriburu;Catriló;La Pampa;-36,50775747;-63,86263077;Conectado
Urundel;Orán;Salta;-23,55163147;-64,3965188;Conectado
Urutau;Copo;Santiago del Estero;-25,71237705;-63,04127532;Conectado
Valcheta;Valcheta;Rio Negro;-40,67786178;-66,16532614;Conectado
Vallecito;Caucete;San Juan;-31,74037447;-67,98852459;Conectado
Vedia;Leandro N. Alem;Buenos Aires;-34,49739843;-61,54534476;Conectado
Venado Tuerto;General Lopez;Santa Fe;-33,74731529;-61,96953587;Conectado
Vera;Vera;Santa Fe;-29,46292045;-60,21334778;Conectado
Viale;Paraná;Entre Rios;-31,87143308;-60,00992253;Conectado
Vichigasta;Chilecito;La Rioja;-29,48859737;-67,50228521;Conectado
Victoria;Victoria;Entre Rios;-32,62059684;-60,15331264;Conectado
Victorica;Loventué;La Pampa;-36,20485937;-65,44037527;Conectado
Vicuna Mackena;Río Cuarto;Cordoba;-33,91723575;-64,39022227;Conectado
Viedma;Adolfo Alsina;Rio Negro;-40,80932327;-62,98532037;Conectado
Vilelas;Juan F. Ibarra;Santiago del Estero;-27,95326537;-62,54568882;Conectado
Villa Alsina;Baradero;Buenos Aires;-33,909604;-59,388202;Conectado
Villa Atamisqui;Atamisqui;Santiago del Estero;-28,49999167;-63,81770278;Conectado
Villa Atuel;San Rafael;Mendoza;-34,8345022;-67,92579059;Conectado
Villa Belgrano;Juan B. Alberdi;Tucuman;-27,52714085;-65,61461284;Conectado
Villa Borjas ;25 de Mayo;San Juan;-31,81000725;-68,32896231;Conectado
Villa Campanario;Bariloche;Rio Negro;-41,06497027;-71,47267368;Conectado
Villa Castelar;Puan;Buenos Aires;-37,390546;-62,805133;Conectado
Villa Catedral;Bariloche;Rio Negro;-41,16663513;-71,43757454;Conectado
Villa Clara;Villaguay;Entre Rios;-31,83010046;-58,82339032;Conectado
Villa Clodomiro Hileret;Rio Chico;Tucuman;-27,47394661;-65,65923002;Conectado
Villa Cordoba;Lavalle;Corrientes;-28,99403355;-59,07743801;Conectado
Villa de Leales;Leales;Tucuman;-27,19426053;-65,30955613;Conectado
Villa de Soto;Cruz del Eje;Cordoba;-30,85297726;-64,99249973;Conectado
Villa del Plata;Rosario;Santa Fe;-33,12717696;-60,70902822;Conectado
Villa del Totoral;Totoral;Cordoba;-30,70384374;-64,06829918;Conectado
Villa del Transito;San Justo;Cordoba;-31,44740377;-63,19401397;Conectado
Villa Dominguez;Villaguay;Entre Rios;-31,98701469;-58,96341791;Conectado
Villa Dominguito;San Martín;San Juan;-31,55912096;-68,29764467;Conectado
Villa Don Bosco;San Martín;San Juan;-31,55188822;-68,33901851;Conectado
Villa El Tango;25 de Mayo;San Juan;-31,76326892;-68,22229664;Conectado
Villa Eloisa;Iriondo;Santa Fe;-32,96432416;-61,54783333;Conectado
Villa Figueroa;Figueroa;Santiago del Estero;-27,71916351;-63,46275411;Conectado
Villa Fontana;Paraná;Entre Rios;-31,9086475;-60,46835208;Conectado
Villa Gdor. Luis F. Etchevehere;Paraná;Entre Rios;-31,9248;-60,427322;Conectado
Villa General San Martin;Albardon;San Juan;-31,4383;-68,519209;Conectado
Villa General Savio;Ramallo;Buenos Aires;-33,435267;-60,145132;Conectado
Villa Gesell;Villa Gesell;Buenos Aires;-37,24647;-56,970727;Conectado
Villa Gutierrez;Ischilín;Cordoba;-30,656951;-64,181959;Conectado
Villa Ibañez;Ullum;San Juan;-31,46593851;-68,7353338;Conectado
Villa Independencia;Caucete;San Juan;-31,62452921;-68,31381503;Conectado
Villa la Angostura;Los Lagos;Neuquen;-40,76317607;-71,64519675;Conectado
Villa La Rivera;Iriondo;Santa Fe;-32,6423;-60,826901;Conectado
Villa Laguna La Brava;Balcarce;Buenos Aires;-37,859629;-57,980601;Conectado
Villa Libertador San Martin;Diamante;Entre Rios;-32,06975618;-60,46244639;Conectado
Villa Llao Llao;Bariloche;Rio Negro;-41,06976044;-71,53965135;Conectado
Villa Los Coihues;Bariloche;Rio Negro;-41,15757937;-71,41315586;Conectado
Villa Los Llanos;Colón;Cordoba;-31,277887;-64,164564;Conectado
Villa Mantero;Uruguay;Entre Rios;-32,39870913;-58,7440639;Conectado
Villa Maria;General San Martín;Cordoba;-32,41208361;-63,24999512;Conectado
Villa Media Agua;Sarmiento;San Juan;-31,98100226;-68,42700292;Conectado
Villa Mercedes;Jáchal;San Juan;-30,10887219;-68,70094292;Conectado
Villa Mercedes;General Pedernera;San Luis;-33,67386364;-65,46247653;Conectado
Villa Quinteros;Monteros;Tucuman;-27,25367123;-65,552472;Conectado
Villa Ramallo;Ramallo;Buenos Aires;-33,502293;-60,065014;Conectado
Villa Ruiz;San Andrés de Giles;Buenos Aires;-34,435202;-59,260396;Conectado
Villa San Isidro;General Roca;Rio Negro;-38,70648511;-68,17374552;Conectado
Villa San Jose;Castellanos;Santa Fe;-31,35;-61,616667;Conectado
Villa San Justo;Uruguay;Entre Rios;-32,4463199;-58,43591383;Conectado
Villa San Marcial;Uruguay;Entre Rios;-32,1800624;-58,9301272;Conectado
Villa San Martin;San Martín;San Juan;-31,51676198;-68,35264712;Conectado
Villa San Martin _Est Loreto;Loreto;Santiago del Estero;-28,309601;-64,1978;Conectado
Villa Santa Rosa;25 de Mayo;San Juan;-31,74480854;-68,31424123;Conectado
Villa Trinidad;San Cristóbal;Santa Fe;-30,21764604;-61,87756803;Conectado
Villa Tulumaya;Lavalle;Mendoza;-32,71961424;-68,60304385;Conectado
Villa Union;Coronel Felipe Varela;La Rioja;-29,32270462;-68,22307413;Conectado
Villa Vil;Belén;Catamarca;-27,071081;-66,83077;Conectado
Villaguay;Villaguay;Entre Rios;-31,86544137;-59,02906284;Conectado
Villalonga;Patagones;Buenos Aires;-39,915139;-62,61887;Conectado
Villanueva;General Paz;Buenos Aires;-35,677627;-58,435092;Conectado
Viña;Arrecifes;Buenos Aires;-33,983333;-60,233333;Conectado
Viñalito;Santa Bárbara;Jujuy;-23,66783004;-64,41383023;Conectado
Vista Alegre Norte;Confluencia;Neuquen;-38,72771231;-68,17214389;Conectado
Vista Alegre Sur;Confluencia;Neuquen;-38,77155373;-68,13691872;Conectado
Volcan;Tumbaya;Jujuy;-23,91387268;-65,46309868;Conectado
Winifreda;Conhelo;La Pampa;-36,22727414;-64,2348768;Conectado
Yacuy;Gral.J. de San Martín;Salta;-22,37657699;-63,76543049;Conectado
Yala;Dr. Manuel Belgrano;Jujuy;-24,12175462;-65,41457262;Conectado
Yapes;Santa María;Catamarca;-26,82898629;-66,01791668;Conectado
Yavi;Yavi;Jujuy;-22,128912;-65,462789;Conectado
Yavi Chico;Yavi;Jujuy;-22,098816;-65,458376;Conectado
Yerba Buena Tucuman cambia por San Pablo Catamarca ;Yerba Buena;Tucuman;;;Conectado
Yuto;Ledesma;Jujuy;-23,64399084;-64,47092019;Conectado
Zapala;Zapala;Neuquen;-38,89616873;-70,06685453;Conectado
Zarate;Zárate;Buenos Aires;-34,099863;-59,024557;Conectado
Zavalia;General Viamonte;Buenos Aires;-34,894921;-61,004454;Conectado
